plot,species,individual,var,value
a1,ALL,NA,vegetation_height,9
a1,SOLVIR,1,height,10.1
a1,SOLVIR,1,flowers,0
a1,SOLVIR,2,height,8
a1,SOLVIR,2,flowers,0
a1,SOLVIR,3,height,12.5
a1,SOLVIR,3,flowers,0
a1,SOLVIR,4,height,11.2
a1,SOLVIR,4,flowers,0
a1,VACMYR,1,height,15.5
a1,VACMYR,1,flowers,1
a1,VACMYR,2,height,13.5
a1,VACMYR,2,flowers,1
a1,VACMYR,3,height,11.3
a1,VACMYR,3,flowers,1
a1,VACMYR,4,height,9
a1,VACMYR,4,flowers,1
a1,VACVIT,1,height,6.2
a1,VACVIT,1,flowers,0
a1,VACVIT,2,height,5.3
a1,VACVIT,2,flowers,0
a1,VACVIT,3,height,5
a1,VACVIT,3,flowers,0
a1,VACVIT,4,height,6.4
a1,VACVIT,4,flowers,0
a10,ALL,NA,vegetation_height,11
a10,SOLVIR,1,height,12
a10,SOLVIR,1,flowers,0
a10,VACMYR,1,height,9.5
a10,VACMYR,1,flowers,0
a10,VACMYR,2,height,11
a10,VACMYR,2,flowers,1
a10,VACMYR,3,height,11.2
a10,VACMYR,3,flowers,1
a10,VACMYR,4,height,9.5
a10,VACMYR,4,flowers,0
a10,VACVIT,1,height,5.5
a10,VACVIT,1,flowers,0
a10,VACVIT,2,height,8
a10,VACVIT,2,flowers,0
a10,VACVIT,3,height,8.6
a10,VACVIT,3,flowers,0
a10,VACVIT,4,height,4.2
a10,VACVIT,4,flowers,0
a11,ALL,NA,vegetation_height,12
a11,VACMYR,1,height,12
a11,VACMYR,1,flowers,0
a11,VACMYR,2,height,12.3
a11,VACMYR,2,flowers,1
a11,VACMYR,3,height,13.2
a11,VACMYR,3,flowers,1
a11,VACMYR,4,height,11.6
a11,VACMYR,4,flowers,0
a11,VACVIT,1,height,6.2
a11,VACVIT,1,flowers,0
a11,VACVIT,2,height,4.5
a11,VACVIT,2,flowers,0
a11,VACVIT,3,height,7.5
a11,VACVIT,3,flowers,0
a11,VACVIT,4,height,7.8
a11,VACVIT,4,flowers,0
a12,ALL,NA,vegetation_height,10
a12,SOLVIR,1,height,8
a12,SOLVIR,1,flowers,0
a12,SOLVIR,2,height,7
a12,SOLVIR,2,flowers,0
a12,SOLVIR,3,height,12
a12,SOLVIR,3,flowers,0
a12,SOLVIR,4,height,13.8
a12,SOLVIR,4,flowers,0
a12,VACMYR,1,height,12.1
a12,VACMYR,1,flowers,0
a12,VACMYR,2,height,14.3
a12,VACMYR,2,flowers,1
a12,VACMYR,3,height,9.5
a12,VACMYR,3,flowers,0
a12,VACMYR,4,height,11.2
a12,VACMYR,4,flowers,0
a12,VACVIT,1,height,4.6
a12,VACVIT,1,flowers,0
a12,VACVIT,2,height,8.2
a12,VACVIT,2,flowers,0
a12,VACVIT,3,height,11
a12,VACVIT,3,flowers,1
a12,VACVIT,4,height,5.7
a12,VACVIT,4,flowers,0
a13,ALL,NA,vegetation_height,8
a13,SOLVIR,1,height,6
a13,SOLVIR,1,flowers,0
a13,SOLVIR,2,height,11.8
a13,SOLVIR,2,flowers,0
a13,SOLVIR,3,height,7.4
a13,SOLVIR,3,flowers,0
a13,SOLVIR,4,height,7.6
a13,SOLVIR,4,flowers,0
a13,VACMYR,1,height,8.4
a13,VACMYR,1,flowers,1
a13,VACMYR,2,height,9.3
a13,VACMYR,2,flowers,0
a13,VACMYR,3,height,13.5
a13,VACMYR,3,flowers,1
a13,VACMYR,4,height,9
a13,VACMYR,4,flowers,0
a13,VACULI,1,height,8.1
a13,VACULI,1,flowers,1
a13,VACULI,2,height,19.2
a13,VACULI,2,flowers,1
a13,VACULI,3,height,11.7
a13,VACULI,3,flowers,0
a13,VACULI,4,height,11
a13,VACULI,4,flowers,0
a13,VACVIT,1,height,3.9
a13,VACVIT,1,flowers,0
a13,VACVIT,2,height,5
a13,VACVIT,2,flowers,0
a13,VACVIT,3,height,8.4
a13,VACVIT,3,flowers,0
a13,VACVIT,4,height,5.4
a13,VACVIT,4,flowers,0
a14,ALL,NA,vegetation_height,10
a14,SOLVIR,1,height,5.6
a14,SOLVIR,1,flowers,0
a14,SOLVIR,2,height,8.5
a14,SOLVIR,2,flowers,0
a14,SOLVIR,3,height,6.6
a14,SOLVIR,3,flowers,0
a14,SOLVIR,4,height,10.4
a14,SOLVIR,4,flowers,0
a14,VACMYR,1,height,12
a14,VACMYR,1,flowers,0
a14,VACMYR,2,height,9
a14,VACMYR,2,flowers,0
a14,VACMYR,3,height,11
a14,VACMYR,3,flowers,1
a14,VACMYR,4,height,8.2
a14,VACMYR,4,flowers,1
a14,VACULI,1,height,17.3
a14,VACULI,1,flowers,0
a14,VACULI,2,height,14.8
a14,VACULI,2,flowers,0
a14,VACULI,3,height,18
a14,VACULI,3,flowers,1
a14,VACULI,4,height,10
a14,VACULI,4,flowers,0
a14,VACVIT,1,height,6.5
a14,VACVIT,1,flowers,0
a14,VACVIT,2,height,7.2
a14,VACVIT,2,flowers,1
a14,VACVIT,3,height,4.5
a14,VACVIT,3,flowers,0
a14,VACVIT,4,height,8.2
a14,VACVIT,4,flowers,1
a15,ALL,NA,vegetation_height,26
a15,SOLVIR,1,height,9
a15,SOLVIR,1,flowers,0
a15,SOLVIR,2,height,8
a15,SOLVIR,2,flowers,0
a15,SOLVIR,3,height,14.2
a15,SOLVIR,3,flowers,0
a15,SOLVIR,4,height,11.1
a15,SOLVIR,4,flowers,0
a15,VACMYR,1,height,16.5
a15,VACMYR,1,flowers,1
a15,VACMYR,2,height,13.2
a15,VACMYR,2,flowers,1
a15,VACMYR,3,height,18.2
a15,VACMYR,3,flowers,1
a15,VACMYR,4,height,17
a15,VACMYR,4,flowers,1
a15,VACULI,1,height,13
a15,VACULI,1,flowers,0
a15,VACULI,2,height,9.5
a15,VACULI,2,flowers,0
a15,VACULI,3,height,13.3
a15,VACULI,3,flowers,0
a15,VACULI,4,height,8.8
a15,VACULI,4,flowers,0
a15,VACVIT,1,height,8.2
a15,VACVIT,1,flowers,0
a15,VACVIT,2,height,10.5
a15,VACVIT,2,flowers,0
a15,VACVIT,3,height,10.5
a15,VACVIT,3,flowers,0
a15,VACVIT,4,height,8.5
a15,VACVIT,4,flowers,0
a16,ALL,NA,vegetation_height,5
a16,VACMYR,1,height,5.3
a16,VACMYR,1,flowers,0
a16,VACMYR,2,height,6
a16,VACMYR,2,flowers,0
a16,VACMYR,3,height,4.8
a16,VACMYR,3,flowers,0
a16,VACMYR,4,height,6.4
a16,VACMYR,4,flowers,1
a16,VACVIT,1,height,5.2
a16,VACVIT,1,flowers,0
a16,VACVIT,2,height,6.3
a16,VACVIT,2,flowers,0
a16,VACVIT,3,height,8.2
a16,VACVIT,3,flowers,1
a16,VACVIT,4,height,4.5
a16,VACVIT,4,flowers,0
a17,ALL,NA,vegetation_height,9
a17,VACMYR,1,height,14.5
a17,VACMYR,1,flowers,1
a17,VACMYR,2,height,15.5
a17,VACMYR,2,flowers,1
a17,VACMYR,3,height,14.2
a17,VACMYR,3,flowers,1
a17,VACMYR,4,height,17.5
a17,VACMYR,4,flowers,0
a17,VACVIT,1,height,7.1
a17,VACVIT,1,flowers,0
a17,VACVIT,2,height,7.4
a17,VACVIT,2,flowers,0
a17,VACVIT,3,height,11.5
a17,VACVIT,3,flowers,1
a17,VACVIT,4,height,8.2
a17,VACVIT,4,flowers,0
a18,ALL,NA,vegetation_height,7
a18,SOLVIR,1,height,9.5
a18,SOLVIR,1,flowers,0
a18,SOLVIR,2,height,9
a18,SOLVIR,2,flowers,0
a18,SOLVIR,3,height,7.1
a18,SOLVIR,3,flowers,0
a18,VACMYR,1,height,13.1
a18,VACMYR,1,flowers,1
a18,VACMYR,2,height,15.3
a18,VACMYR,2,flowers,0
a18,VACMYR,3,height,11.5
a18,VACMYR,3,flowers,0
a18,VACMYR,4,height,9.2
a18,VACMYR,4,flowers,0
a18,VACVIT,1,height,4.6
a18,VACVIT,1,flowers,0
a18,VACVIT,2,height,4.7
a18,VACVIT,2,flowers,0
a18,VACVIT,3,height,6.3
a18,VACVIT,3,flowers,0
a18,VACVIT,4,height,7.5
a18,VACVIT,4,flowers,0
a19,ALL,NA,vegetation_height,11
a19,SOLVIR,1,height,19.6
a19,SOLVIR,1,flowers,1
a19,SOLVIR,2,height,8.4
a19,SOLVIR,2,flowers,0
a19,SOLVIR,3,height,8.2
a19,SOLVIR,3,flowers,0
a19,SOLVIR,4,height,14.2
a19,SOLVIR,4,flowers,0
a19,VACMYR,1,height,12.2
a19,VACMYR,1,flowers,1
a19,VACMYR,2,height,18.3
a19,VACMYR,2,flowers,0
a19,VACMYR,3,height,14
a19,VACMYR,3,flowers,0
a19,VACMYR,4,height,16.2
a19,VACMYR,4,flowers,1
a19,VACVIT,1,height,7.5
a19,VACVIT,1,flowers,0
a19,VACVIT,2,height,6.6
a19,VACVIT,2,flowers,0
a19,VACVIT,3,height,8.7
a19,VACVIT,3,flowers,0
a19,VACVIT,4,height,7.5
a19,VACVIT,4,flowers,0
a2,ALL,NA,vegetation_height,17
a2,SOLVIR,1,height,5
a2,SOLVIR,1,flowers,0
a2,SOLVIR,2,height,15.3
a2,SOLVIR,2,flowers,0
a2,SOLVIR,3,height,18.6
a2,SOLVIR,3,flowers,0
a2,SOLVIR,4,height,5.5
a2,SOLVIR,4,flowers,0
a2,VACMYR,1,height,18.6
a2,VACMYR,1,flowers,1
a2,VACMYR,2,height,12.7
a2,VACMYR,2,flowers,1
a2,VACMYR,3,height,23.5
a2,VACMYR,3,flowers,1
a2,VACMYR,4,height,18
a2,VACMYR,4,flowers,0
a2,VACVIT,1,height,5.1
a2,VACVIT,1,flowers,0
a2,VACVIT,2,height,4.7
a2,VACVIT,2,flowers,0
a2,VACVIT,3,height,5.9
a2,VACVIT,3,flowers,0
a2,VACVIT,4,height,5.5
a2,VACVIT,4,flowers,0
a20,ALL,NA,vegetation_height,6
a20,SOLVIR,1,height,6.6
a20,SOLVIR,1,flowers,0
a20,SOLVIR,2,height,7.1
a20,SOLVIR,2,flowers,0
a20,SOLVIR,3,height,7
a20,SOLVIR,3,flowers,0
a20,SOLVIR,4,height,4.2
a20,SOLVIR,4,flowers,0
a20,VACMYR,1,height,8.2
a20,VACMYR,1,flowers,0
a20,VACMYR,2,height,8.1
a20,VACMYR,2,flowers,0
a20,VACMYR,3,height,10.9
a20,VACMYR,3,flowers,0
a20,VACMYR,4,height,7.3
a20,VACMYR,4,flowers,0
a20,VACULI,1,height,6.1
a20,VACULI,1,flowers,0
a20,VACULI,2,height,11
a20,VACULI,2,flowers,1
a20,VACULI,3,height,8.2
a20,VACULI,3,flowers,0
a20,VACULI,4,height,8.5
a20,VACULI,4,flowers,0
a20,VACVIT,1,height,5.9
a20,VACVIT,1,flowers,0
a20,VACVIT,2,height,7.7
a20,VACVIT,2,flowers,0
a20,VACVIT,3,height,6.1
a20,VACVIT,3,flowers,0
a20,VACVIT,4,height,5.2
a20,VACVIT,4,flowers,0
a21,ALL,NA,vegetation_height,7
a21,VACMYR,1,height,11.6
a21,VACMYR,1,flowers,0
a21,VACMYR,2,height,6.2
a21,VACMYR,2,flowers,0
a21,VACMYR,3,height,14.1
a21,VACMYR,3,flowers,1
a21,VACMYR,4,height,8.5
a21,VACMYR,4,flowers,0
a21,VACVIT,1,height,6.5
a21,VACVIT,1,flowers,0
a21,VACVIT,2,height,8.5
a21,VACVIT,2,flowers,0
a21,VACVIT,3,height,6
a21,VACVIT,3,flowers,0
a21,VACVIT,4,height,6.5
a21,VACVIT,4,flowers,2
a22,ALL,NA,vegetation_height,12
a22,SOLVIR,1,height,10.5
a22,SOLVIR,1,flowers,0
a22,SOLVIR,2,height,20.5
a22,SOLVIR,2,flowers,1
a22,VACMYR,1,height,22.6
a22,VACMYR,1,flowers,1
a22,VACMYR,2,height,17.5
a22,VACMYR,2,flowers,1
a22,VACMYR,3,height,13
a22,VACMYR,3,flowers,1
a22,VACMYR,4,height,13.4
a22,VACMYR,4,flowers,1
a22,VACVIT,1,height,10.2
a22,VACVIT,1,flowers,0
a22,VACVIT,2,height,8.8
a22,VACVIT,2,flowers,0
a22,VACVIT,3,height,7.5
a22,VACVIT,3,flowers,1
a22,VACVIT,4,height,5.6
a22,VACVIT,4,flowers,1
a23,ALL,NA,vegetation_height,13
a23,VACMYR,1,height,14.4
a23,VACMYR,1,flowers,1
a23,VACMYR,2,height,12.6
a23,VACMYR,2,flowers,1
a23,VACMYR,3,height,14.7
a23,VACMYR,3,flowers,1
a23,VACMYR,4,height,10.8
a23,VACMYR,4,flowers,0
a23,VACVIT,1,height,3.5
a23,VACVIT,1,flowers,0
a23,VACVIT,2,height,6.7
a23,VACVIT,2,flowers,0
a23,VACVIT,3,height,8.5
a23,VACVIT,3,flowers,0
a23,VACVIT,4,height,6.4
a23,VACVIT,4,flowers,0
a24,ALL,NA,vegetation_height,8
a24,VACMYR,1,height,7.5
a24,VACMYR,1,flowers,0
a24,VACMYR,2,height,9.9
a24,VACMYR,2,flowers,1
a24,VACMYR,3,height,10.6
a24,VACMYR,3,flowers,0
a24,VACMYR,4,height,10.6
a24,VACMYR,4,flowers,0
a24,VACVIT,1,height,5.4
a24,VACVIT,1,flowers,0
a24,VACVIT,2,height,4.6
a24,VACVIT,2,flowers,0
a24,VACVIT,3,height,6.2
a24,VACVIT,3,flowers,0
a24,VACVIT,4,height,5.4
a24,VACVIT,4,flowers,0
a25,ALL,NA,vegetation_height,10
a25,SOLVIR,1,height,10
a25,SOLVIR,1,flowers,1
a25,SOLVIR,2,height,8.9
a25,SOLVIR,2,flowers,0
a25,SOLVIR,3,height,4.8
a25,SOLVIR,3,flowers,0
a25,SOLVIR,4,height,10.5
a25,SOLVIR,4,flowers,0
a25,VACMYR,1,height,9.2
a25,VACMYR,1,flowers,0
a25,VACMYR,2,height,9.5
a25,VACMYR,2,flowers,0
a25,VACMYR,3,height,10.1
a25,VACMYR,3,flowers,0
a25,VACMYR,4,height,15
a25,VACMYR,4,flowers,1
a25,VACVIT,1,height,3.3
a25,VACVIT,1,flowers,0
a25,VACVIT,2,height,4.6
a25,VACVIT,2,flowers,0
a25,VACVIT,3,height,5.4
a25,VACVIT,3,flowers,0
a25,VACVIT,4,height,6.8
a25,VACVIT,4,flowers,0
a3,ALL,NA,vegetation_height,36
a3,VACMYR,1,height,10.2
a3,VACMYR,1,flowers,0
a3,VACULI,1,height,8.5
a3,VACULI,1,flowers,1
a3,VACULI,2,height,10.6
a3,VACULI,2,flowers,0
a3,VACULI,3,height,14
a3,VACULI,3,flowers,0
a3,VACULI,4,height,13.5
a3,VACULI,4,flowers,0
a3,VACVIT,1,height,9.6
a3,VACVIT,1,flowers,0
a3,VACVIT,2,height,6.2
a3,VACVIT,2,flowers,0
a3,VACVIT,3,height,6.8
a3,VACVIT,3,flowers,1
a3,VACVIT,4,height,10.5
a3,VACVIT,4,flowers,0
a4,ALL,NA,vegetation_height,11
a4,VACMYR,1,height,13.1
a4,VACMYR,1,flowers,1
a4,VACMYR,2,height,11
a4,VACMYR,2,flowers,1
a4,VACMYR,3,height,10.3
a4,VACMYR,3,flowers,0
a4,VACMYR,4,height,9.6
a4,VACMYR,4,flowers,0
a4,VACVIT,1,height,4
a4,VACVIT,1,flowers,0
a4,VACVIT,2,height,5.6
a4,VACVIT,2,flowers,0
a4,VACVIT,3,height,5.6
a4,VACVIT,3,flowers,0
a4,VACVIT,4,height,4
a4,VACVIT,4,flowers,0
a5,ALL,NA,vegetation_height,9
a5,VACMYR,1,height,12.4
a5,VACMYR,1,flowers,1
a5,VACMYR,2,height,9.3
a5,VACMYR,2,flowers,0
a5,VACMYR,3,height,8.8
a5,VACMYR,3,flowers,0
a5,VACMYR,4,height,13.5
a5,VACMYR,4,flowers,0
a5,VACULI,1,height,7.2
a5,VACULI,1,flowers,0
a5,VACULI,2,height,6.8
a5,VACULI,2,flowers,0
a5,VACULI,3,height,11.3
a5,VACULI,3,flowers,0
a5,VACULI,4,height,7.2
a5,VACULI,4,flowers,0
a5,VACVIT,1,height,5.5
a5,VACVIT,1,flowers,0
a5,VACVIT,2,height,6.7
a5,VACVIT,2,flowers,0
a5,VACVIT,3,height,5.8
a5,VACVIT,3,flowers,0
a5,VACVIT,4,height,9.4
a5,VACVIT,4,flowers,0
a6,ALL,NA,vegetation_height,7
a6,VACMYR,1,height,12.2
a6,VACMYR,1,flowers,1
a6,VACMYR,2,height,16.5
a6,VACMYR,2,flowers,1
a6,VACMYR,3,height,15.2
a6,VACMYR,3,flowers,1
a6,VACMYR,4,height,10.1
a6,VACMYR,4,flowers,1
a6,VACVIT,1,height,8
a6,VACVIT,1,flowers,0
a6,VACVIT,2,height,4.6
a6,VACVIT,2,flowers,0
a6,VACVIT,3,height,5.6
a6,VACVIT,3,flowers,0
a6,VACVIT,4,height,5.8
a6,VACVIT,4,flowers,0
a7,ALL,NA,vegetation_height,6
a7,VACMYR,1,height,10.4
a7,VACMYR,1,flowers,0
a7,VACMYR,2,height,5.6
a7,VACMYR,2,flowers,0
a7,VACMYR,3,height,6.2
a7,VACMYR,3,flowers,0
a7,VACMYR,4,height,10.1
a7,VACMYR,4,flowers,0
a7,VACVIT,1,height,7.1
a7,VACVIT,1,flowers,0
a7,VACVIT,2,height,8.2
a7,VACVIT,2,flowers,0
a7,VACVIT,3,height,5.6
a7,VACVIT,3,flowers,0
a7,VACVIT,4,height,4.5
a7,VACVIT,4,flowers,0
a8,ALL,NA,vegetation_height,7
a8,SOLVIR,1,height,7
a8,SOLVIR,1,flowers,0
a8,SOLVIR,2,height,10.1
a8,SOLVIR,2,flowers,0
a8,SOLVIR,3,height,6.5
a8,SOLVIR,3,flowers,0
a8,SOLVIR,4,height,12.7
a8,SOLVIR,4,flowers,0
a8,VACULI,1,height,7.3
a8,VACULI,1,flowers,0
a8,VACULI,2,height,8.2
a8,VACULI,2,flowers,0
a8,VACULI,3,height,14.5
a8,VACULI,3,flowers,0
a8,VACULI,4,height,11.7
a8,VACULI,4,flowers,0
a8,VACVIT,1,height,6.4
a8,VACVIT,1,flowers,0
a8,VACVIT,2,height,4.2
a8,VACVIT,2,flowers,0
a8,VACVIT,3,height,6
a8,VACVIT,3,flowers,0
a8,VACVIT,4,height,9.2
a8,VACVIT,4,flowers,0
a9,ALL,NA,vegetation_height,29
a9,SOLVIR,1,height,11.2
a9,SOLVIR,1,flowers,0
a9,SOLVIR,2,height,10
a9,SOLVIR,2,flowers,0
a9,SOLVIR,3,height,16
a9,SOLVIR,3,flowers,0
a9,SOLVIR,4,height,11.5
a9,SOLVIR,4,flowers,0
a9,VACMYR,1,height,14
a9,VACMYR,1,flowers,1
a9,VACMYR,2,height,14.8
a9,VACMYR,2,flowers,1
a9,VACMYR,3,height,12.3
a9,VACMYR,3,flowers,1
a9,VACMYR,4,height,10
a9,VACMYR,4,flowers,0
a9,VACVIT,1,height,9
a9,VACVIT,1,flowers,0
a9,VACVIT,2,height,10.6
a9,VACVIT,2,flowers,0
a9,VACVIT,3,height,9.2
a9,VACVIT,3,flowers,0
a9,VACVIT,4,height,14
a9,VACVIT,4,flowers,0
b1,ALL,NA,vegetation_height,15
b1,SOLVIR,1,height,6.3
b1,SOLVIR,1,flowers,0
b1,SOLVIR,2,height,11.5
b1,SOLVIR,2,flowers,0
b1,SOLVIR,3,height,8.7
b1,SOLVIR,3,flowers,0
b1,VACMYR,1,height,7.5
b1,VACMYR,1,flowers,0
b1,VACMYR,2,height,8.6
b1,VACMYR,2,flowers,0
b1,VACMYR,3,height,11.8
b1,VACMYR,3,flowers,0
b1,VACMYR,4,height,14.5
b1,VACMYR,4,flowers,1
b1,VACVIT,1,height,10
b1,VACVIT,1,flowers,0
b1,VACVIT,2,height,7.2
b1,VACVIT,2,flowers,0
b1,VACVIT,3,height,6.2
b1,VACVIT,3,flowers,0
b1,VACVIT,4,height,6.1
b1,VACVIT,4,flowers,0
b10,ALL,NA,vegetation_height,11
b10,SOLVIR,1,height,7.3
b10,SOLVIR,1,flowers,0
b10,SOLVIR,2,height,8.6
b10,SOLVIR,2,flowers,0
b10,SOLVIR,3,height,5.5
b10,SOLVIR,3,flowers,0
b10,SOLVIR,4,height,7.7
b10,SOLVIR,4,flowers,0
b10,VACMYR,1,height,8.4
b10,VACMYR,1,flowers,0
b10,VACMYR,2,height,15.3
b10,VACMYR,2,flowers,0
b10,VACMYR,3,height,11.2
b10,VACMYR,3,flowers,0
b10,VACMYR,4,height,12.8
b10,VACMYR,4,flowers,0
b10,VACVIT,1,height,8.8
b10,VACVIT,1,flowers,0
b10,VACVIT,2,height,12.2
b10,VACVIT,2,flowers,0
b10,VACVIT,3,height,8.6
b10,VACVIT,3,flowers,0
b10,VACVIT,4,height,8.6
b10,VACVIT,4,flowers,0
b11,ALL,NA,vegetation_height,13
b11,SOLVIR,1,height,4.5
b11,SOLVIR,1,flowers,0
b11,SOLVIR,2,height,7.3
b11,SOLVIR,2,flowers,0
b11,SOLVIR,3,height,10.2
b11,SOLVIR,3,flowers,0
b11,SOLVIR,4,height,25
b11,SOLVIR,4,flowers,1
b11,VACMYR,1,height,14.8
b11,VACMYR,1,flowers,0
b11,VACMYR,2,height,12
b11,VACMYR,2,flowers,1
b11,VACMYR,3,height,15.4
b11,VACMYR,3,flowers,1
b11,VACMYR,4,height,10
b11,VACMYR,4,flowers,0
b11,VACULI,1,height,13
b11,VACULI,1,flowers,0
b11,VACULI,2,height,14.5
b11,VACULI,2,flowers,0
b11,VACULI,3,height,14.4
b11,VACULI,3,flowers,0
b11,VACULI,4,height,15.2
b11,VACULI,4,flowers,0
b11,VACVIT,1,height,7.5
b11,VACVIT,1,flowers,0
b11,VACVIT,2,height,7
b11,VACVIT,2,flowers,0
b11,VACVIT,3,height,11
b11,VACVIT,3,flowers,1
b11,VACVIT,4,height,10
b11,VACVIT,4,flowers,0
b12,ALL,NA,vegetation_height,13
b12,SOLVIR,1,height,19
b12,SOLVIR,1,flowers,0
b12,SOLVIR,2,height,17.5
b12,SOLVIR,2,flowers,0
b12,VACMYR,1,height,11.2
b12,VACMYR,1,flowers,0
b12,VACMYR,2,height,12.1
b12,VACMYR,2,flowers,1
b12,VACMYR,3,height,14.8
b12,VACMYR,3,flowers,1
b12,VACMYR,4,height,13.3
b12,VACMYR,4,flowers,0
b12,VACVIT,1,height,12.2
b12,VACVIT,1,flowers,0
b12,VACVIT,2,height,12.4
b12,VACVIT,2,flowers,0
b12,VACVIT,3,height,8.8
b12,VACVIT,3,flowers,0
b12,VACVIT,4,height,8.6
b12,VACVIT,4,flowers,0
b13,ALL,NA,vegetation_height,19
b13,SOLVIR,1,height,11
b13,SOLVIR,1,flowers,0
b13,SOLVIR,2,height,8.5
b13,SOLVIR,2,flowers,0
b13,VACMYR,1,height,17.6
b13,VACMYR,1,flowers,0
b13,VACMYR,2,height,15.4
b13,VACMYR,2,flowers,1
b13,VACMYR,3,height,12.8
b13,VACMYR,3,flowers,0
b13,VACMYR,4,height,9.5
b13,VACMYR,4,flowers,0
b13,VACVIT,1,height,11
b13,VACVIT,1,flowers,0
b13,VACVIT,2,height,6.8
b13,VACVIT,2,flowers,0
b13,VACVIT,3,height,7.4
b13,VACVIT,3,flowers,0
b13,VACVIT,4,height,6.2
b13,VACVIT,4,flowers,0
b14,ALL,NA,vegetation_height,17
b15,ALL,NA,vegetation_height,14
b16,ALL,NA,vegetation_height,16
b16,VACMYR,1,height,13.4
b16,VACMYR,1,flowers,0
b16,VACMYR,2,height,11.2
b16,VACMYR,2,flowers,0
b16,VACMYR,3,height,16.5
b16,VACMYR,3,flowers,0
b16,VACMYR,4,height,19.4
b16,VACMYR,4,flowers,1
b16,VACULI,1,height,20.2
b16,VACULI,1,flowers,1
b16,VACULI,2,height,18
b16,VACULI,2,flowers,0
b16,VACULI,3,height,14.6
b16,VACULI,3,flowers,0
b16,VACULI,4,height,26
b16,VACULI,4,flowers,0
b16,VACVIT,1,height,12.6
b16,VACVIT,1,flowers,0
b16,VACVIT,2,height,8.2
b16,VACVIT,2,flowers,0
b16,VACVIT,3,height,6.9
b16,VACVIT,3,flowers,0
b16,VACVIT,4,height,8.5
b16,VACVIT,4,flowers,0
b17,ALL,NA,vegetation_height,11
b17,VACMYR,1,height,11
b17,VACMYR,1,flowers,1
b17,VACMYR,2,height,10.3
b17,VACMYR,2,flowers,1
b17,VACMYR,3,height,11.6
b17,VACMYR,3,flowers,1
b17,VACMYR,4,height,6.3
b17,VACMYR,4,flowers,0
b17,VACVIT,1,height,6.7
b17,VACVIT,1,flowers,0
b17,VACVIT,2,height,6.8
b17,VACVIT,2,flowers,0
b17,VACVIT,3,height,8
b17,VACVIT,3,flowers,0
b17,VACVIT,4,height,7.8
b17,VACVIT,4,flowers,0
b18,ALL,NA,vegetation_height,42
b18,VACMYR,1,height,11.6
b18,VACMYR,1,flowers,0
b18,VACMYR,2,height,10.3
b18,VACMYR,2,flowers,0
b18,VACMYR,3,height,12.5
b18,VACMYR,3,flowers,1
b18,VACMYR,4,height,8.1
b18,VACMYR,4,flowers,0
b18,VACVIT,1,height,10.8
b18,VACVIT,1,flowers,0
b18,VACVIT,2,height,8.2
b18,VACVIT,2,flowers,0
b18,VACVIT,3,height,7.5
b18,VACVIT,3,flowers,0
b18,VACVIT,4,height,5.9
b18,VACVIT,4,flowers,0
b19,ALL,NA,vegetation_height,8
b19,BISVIV,1,height,10.5
b19,BISVIV,1,flowers,1
b19,BISVIV,2,height,7
b19,BISVIV,2,flowers,1
b19,BISVIV,3,height,3.4
b19,BISVIV,3,flowers,0
b19,BISVIV,4,height,8.8
b19,BISVIV,4,flowers,0
b19,SOLVIR,1,height,9
b19,SOLVIR,1,flowers,0
b19,SOLVIR,2,height,8.7
b19,SOLVIR,2,flowers,0
b19,SOLVIR,3,height,16.5
b19,SOLVIR,3,flowers,0
b19,SOLVIR,4,height,7.2
b19,SOLVIR,4,flowers,0
b19,VACULI,1,height,15.5
b19,VACULI,1,flowers,1
b19,VACULI,2,height,11.6
b19,VACULI,2,flowers,0
b19,VACULI,3,height,12
b19,VACULI,3,flowers,0
b19,VACULI,4,height,7.4
b19,VACULI,4,flowers,0
b19,VACVIT,1,height,8.5
b19,VACVIT,1,flowers,1
b19,VACVIT,2,height,8.6
b19,VACVIT,2,flowers,0
b19,VACVIT,3,height,6.8
b19,VACVIT,3,flowers,0
b19,VACVIT,4,height,6.4
b19,VACVIT,4,flowers,0
b2,ALL,NA,vegetation_height,9
b2,SOLVIR,1,height,6
b2,SOLVIR,1,flowers,0
b2,SOLVIR,2,height,8
b2,SOLVIR,2,flowers,0
b2,VACMYR,1,height,16.2
b2,VACMYR,1,flowers,1
b2,VACMYR,2,height,17.5
b2,VACMYR,2,flowers,1
b2,VACMYR,3,height,15.3
b2,VACMYR,3,flowers,1
b2,VACMYR,4,height,14.2
b2,VACMYR,4,flowers,1
b2,VACULI,1,height,11.5
b2,VACULI,1,flowers,1
b2,VACULI,2,height,10
b2,VACULI,2,flowers,0
b2,VACULI,3,height,11.5
b2,VACULI,3,flowers,0
b2,VACULI,4,height,9.8
b2,VACULI,4,flowers,0
b2,VACVIT,1,height,8
b2,VACVIT,1,flowers,0
b2,VACVIT,2,height,9
b2,VACVIT,2,flowers,0
b2,VACVIT,3,height,8.2
b2,VACVIT,3,flowers,0
b2,VACVIT,4,height,6.3
b2,VACVIT,4,flowers,0
b20,ALL,NA,vegetation_height,14
b20,BISVIV,1,height,8
b20,BISVIV,1,flowers,0
b20,BISVIV,2,height,9.5
b20,BISVIV,2,flowers,1
b20,BISVIV,3,height,16.5
b20,BISVIV,3,flowers,0
b20,BISVIV,4,height,6.8
b20,BISVIV,4,flowers,0
b20,SOLVIR,1,height,13.6
b20,SOLVIR,1,flowers,0
b20,SOLVIR,2,height,18
b20,SOLVIR,2,flowers,1
b20,SOLVIR,3,height,11.6
b20,SOLVIR,3,flowers,0
b20,SOLVIR,4,height,8.5
b20,SOLVIR,4,flowers,0
b21,ALL,NA,vegetation_height,9
b21,SOLVIR,1,height,10.7
b21,SOLVIR,1,flowers,0
b21,SOLVIR,2,height,8.5
b21,SOLVIR,2,flowers,0
b21,SOLVIR,3,height,6.4
b21,SOLVIR,3,flowers,0
b21,SOLVIR,4,height,9
b21,SOLVIR,4,flowers,0
b21,VACMYR,1,height,7.2
b21,VACMYR,1,flowers,0
b21,VACMYR,2,height,8.9
b21,VACMYR,2,flowers,0
b21,VACMYR,3,height,12
b21,VACMYR,3,flowers,0
b21,VACMYR,4,height,15.9
b21,VACMYR,4,flowers,1
b21,VACULI,1,height,13.7
b21,VACULI,1,flowers,0
b21,VACULI,2,height,21
b21,VACULI,2,flowers,0
b21,VACULI,3,height,7.5
b21,VACULI,3,flowers,0
b21,VACULI,4,height,8.2
b21,VACULI,4,flowers,0
b21,VACVIT,1,height,8.2
b21,VACVIT,1,flowers,0
b21,VACVIT,2,height,9.6
b21,VACVIT,2,flowers,0
b21,VACVIT,3,height,5.6
b21,VACVIT,3,flowers,0
b21,VACVIT,4,height,3.5
b21,VACVIT,4,flowers,0
b22,ALL,NA,vegetation_height,8
b22,SOLVIR,1,height,7.2
b22,SOLVIR,1,flowers,0
b22,SOLVIR,2,height,11
b22,SOLVIR,2,flowers,0
b22,SOLVIR,3,height,11.3
b22,SOLVIR,3,flowers,0
b22,SOLVIR,4,height,9.5
b22,SOLVIR,4,flowers,0
b22,VACMYR,1,height,8.5
b22,VACMYR,1,flowers,0
b22,VACMYR,2,height,13
b22,VACMYR,2,flowers,1
b22,VACMYR,3,height,12.2
b22,VACMYR,3,flowers,1
b22,VACULI,1,height,10.5
b22,VACULI,1,flowers,0
b22,VACVIT,1,height,5.5
b22,VACVIT,1,flowers,0
b22,VACVIT,2,height,8.2
b22,VACVIT,2,flowers,0
b22,VACVIT,3,height,7
b22,VACVIT,3,flowers,0
b22,VACVIT,4,height,4.5
b22,VACVIT,4,flowers,0
b23,ALL,NA,vegetation_height,14
b23,SOLVIR,1,height,11
b23,SOLVIR,1,flowers,0
b23,SOLVIR,2,height,10
b23,SOLVIR,2,flowers,0
b23,SOLVIR,3,height,10.5
b23,SOLVIR,3,flowers,0
b23,SOLVIR,4,height,6.3
b23,SOLVIR,4,flowers,0
b23,VACMYR,1,height,12.4
b23,VACMYR,1,flowers,0
b23,VACMYR,2,height,15.5
b23,VACMYR,2,flowers,1
b23,VACMYR,3,height,13
b23,VACMYR,3,flowers,1
b23,VACMYR,4,height,11.5
b23,VACMYR,4,flowers,0
b23,VACULI,1,height,14
b23,VACULI,1,flowers,1
b23,VACULI,2,height,13.5
b23,VACULI,2,flowers,1
b23,VACULI,3,height,17
b23,VACULI,3,flowers,0
b23,VACULI,4,height,7.4
b23,VACULI,4,flowers,1
b23,VACVIT,1,height,5.5
b23,VACVIT,1,flowers,0
b23,VACVIT,2,height,11.7
b23,VACVIT,2,flowers,0
b23,VACVIT,3,height,7.8
b23,VACVIT,3,flowers,0
b23,VACVIT,4,height,8.5
b23,VACVIT,4,flowers,0
b24,ALL,NA,vegetation_height,14
b24,VACMYR,1,height,11.2
b24,VACMYR,1,flowers,1
b24,VACMYR,2,height,10.8
b24,VACMYR,2,flowers,0
b24,VACMYR,3,height,10.4
b24,VACMYR,3,flowers,1
b24,VACMYR,4,height,13
b24,VACMYR,4,flowers,0
b24,VACVIT,1,height,4.5
b24,VACVIT,1,flowers,0
b24,VACVIT,2,height,3
b24,VACVIT,2,flowers,0
b24,VACVIT,3,height,5.2
b24,VACVIT,3,flowers,0
b24,VACVIT,4,height,5.4
b24,VACVIT,4,flowers,0
b25,ALL,NA,vegetation_height,16
b25,VACMYR,1,height,17
b25,VACMYR,1,flowers,1
b25,VACMYR,2,height,14.5
b25,VACMYR,2,flowers,0
b25,VACMYR,3,height,12.5
b25,VACMYR,3,flowers,1
b25,VACMYR,4,height,11.4
b25,VACMYR,4,flowers,0
b25,VACVIT,1,height,4.4
b25,VACVIT,1,flowers,0
b25,VACVIT,2,height,5
b25,VACVIT,2,flowers,0
b25,VACVIT,3,height,5
b25,VACVIT,3,flowers,0
b3,ALL,NA,vegetation_height,8
b3,SOLVIR,1,height,11.1
b3,SOLVIR,1,flowers,0
b3,SOLVIR,2,height,12.5
b3,SOLVIR,2,flowers,1
b3,SOLVIR,3,height,23.7
b3,SOLVIR,3,flowers,1
b3,SOLVIR,4,height,6.6
b3,SOLVIR,4,flowers,0
b3,VACMYR,1,height,9.5
b3,VACMYR,1,flowers,0
b3,VACMYR,2,height,10.5
b3,VACMYR,2,flowers,1
b3,VACMYR,3,height,11.4
b3,VACMYR,3,flowers,1
b3,VACMYR,4,height,9.7
b3,VACMYR,4,flowers,1
b3,VACVIT,1,height,6.3
b3,VACVIT,1,flowers,0
b3,VACVIT,2,height,7
b3,VACVIT,2,flowers,0
b3,VACVIT,3,height,8
b3,VACVIT,3,flowers,0
b3,VACVIT,4,height,8.1
b3,VACVIT,4,flowers,0
b4,ALL,NA,vegetation_height,6
b4,VACMYR,1,height,14.4
b4,VACMYR,1,flowers,1
b4,VACMYR,2,height,7.8
b4,VACMYR,2,flowers,0
b4,VACMYR,3,height,8.1
b4,VACMYR,3,flowers,1
b4,VACMYR,4,height,10.2
b4,VACMYR,4,flowers,0
b4,VACVIT,1,height,4.8
b4,VACVIT,1,flowers,0
b4,VACVIT,2,height,5.3
b4,VACVIT,2,flowers,0
b4,VACVIT,3,height,6.9
b4,VACVIT,3,flowers,0
b4,VACVIT,4,height,3.1
b4,VACVIT,4,flowers,0
b5,ALL,NA,vegetation_height,5
b5,VACMYR,1,height,7.4
b5,VACMYR,1,flowers,0
b5,VACMYR,2,height,7.8
b5,VACMYR,2,flowers,0
b5,VACMYR,3,height,8.3
b5,VACMYR,3,flowers,0
b5,VACMYR,4,height,4
b5,VACMYR,4,flowers,0
b5,VACVIT,1,height,4.9
b5,VACVIT,1,flowers,0
b5,VACVIT,2,height,2.7
b5,VACVIT,2,flowers,0
b5,VACVIT,3,height,3.2
b5,VACVIT,3,flowers,0
b5,VACVIT,4,height,4.9
b5,VACVIT,4,flowers,0
b6,ALL,NA,vegetation_height,14
b6,VACMYR,1,height,15.6
b6,VACMYR,1,flowers,1
b6,VACMYR,2,height,13.1
b6,VACMYR,2,flowers,1
b6,VACMYR,3,height,10.3
b6,VACMYR,3,flowers,0
b6,VACMYR,4,height,17.2
b6,VACMYR,4,flowers,1
b6,VACVIT,1,height,8
b6,VACVIT,1,flowers,0
b6,VACVIT,2,height,7.5
b6,VACVIT,2,flowers,0
b6,VACVIT,3,height,7.8
b6,VACVIT,3,flowers,0
b6,VACVIT,4,height,7.9
b6,VACVIT,4,flowers,0
b7,ALL,NA,vegetation_height,12
b7,BISVIV,1,height,4
b7,BISVIV,1,flowers,0
b7,BISVIV,2,height,7.4
b7,BISVIV,2,flowers,0
b7,BISVIV,3,height,5
b7,BISVIV,3,flowers,0
b7,BISVIV,4,height,3.8
b7,BISVIV,4,flowers,0
b7,SOLVIR,1,height,7.4
b7,SOLVIR,1,flowers,0
b7,SOLVIR,2,height,7.1
b7,SOLVIR,2,flowers,0
b7,SOLVIR,3,height,7.2
b7,SOLVIR,3,flowers,0
b7,SOLVIR,4,height,6.1
b7,SOLVIR,4,flowers,0
b7,VACMYR,1,height,12
b7,VACMYR,1,flowers,0
b7,VACMYR,2,height,10.8
b7,VACMYR,2,flowers,1
b7,VACMYR,3,height,16.5
b7,VACMYR,3,flowers,1
b7,VACMYR,4,height,12.2
b7,VACMYR,4,flowers,0
b7,VACULI,1,height,3.7
b7,VACULI,1,flowers,0
b7,VACULI,2,height,12.2
b7,VACULI,2,flowers,0
b7,VACULI,3,height,11.5
b7,VACULI,3,flowers,0
b7,VACULI,4,height,8.5
b7,VACULI,4,flowers,0
b7,VACVIT,1,height,4
b7,VACVIT,1,flowers,0
b7,VACVIT,2,height,6.4
b7,VACVIT,2,flowers,0
b7,VACVIT,3,height,4.2
b7,VACVIT,3,flowers,0
b7,VACVIT,4,height,6.6
b7,VACVIT,4,flowers,0
b8,ALL,NA,vegetation_height,10
b8,SOLVIR,1,height,4.2
b8,SOLVIR,1,flowers,0
b8,SOLVIR,2,height,4.5
b8,SOLVIR,2,flowers,0
b8,SOLVIR,3,height,3.5
b8,SOLVIR,3,flowers,0
b8,SOLVIR,4,height,4.6
b8,SOLVIR,4,flowers,0
b8,VACMYR,1,height,13
b8,VACMYR,1,flowers,1
b8,VACMYR,2,height,9.4
b8,VACMYR,2,flowers,0
b8,VACMYR,3,height,17.5
b8,VACMYR,3,flowers,1
b8,VACMYR,4,height,11.6
b8,VACMYR,4,flowers,0
b8,VACVIT,1,height,7.8
b8,VACVIT,1,flowers,0
b8,VACVIT,2,height,6.6
b8,VACVIT,2,flowers,1
b8,VACVIT,3,height,5.1
b8,VACVIT,3,flowers,0
b8,VACVIT,4,height,7.2
b8,VACVIT,4,flowers,0
b9,ALL,NA,vegetation_height,14
b9,SOLVIR,1,height,5.6
b9,SOLVIR,1,flowers,0
b9,SOLVIR,2,height,9.7
b9,SOLVIR,2,flowers,0
b9,SOLVIR,3,height,6.1
b9,SOLVIR,3,flowers,0
b9,SOLVIR,4,height,5
b9,SOLVIR,4,flowers,0
b9,VACMYR,1,height,12.5
b9,VACMYR,1,flowers,0
b9,VACMYR,2,height,15.3
b9,VACMYR,2,flowers,0
b9,VACMYR,3,height,12.1
b9,VACMYR,3,flowers,0
b9,VACMYR,4,height,12.3
b9,VACMYR,4,flowers,0
b9,VACVIT,1,height,12.2
b9,VACVIT,1,flowers,0
b9,VACVIT,2,height,7.9
b9,VACVIT,2,flowers,0
b9,VACVIT,3,height,7.2
b9,VACVIT,3,flowers,0
b9,VACVIT,4,height,5.7
b9,VACVIT,4,flowers,0
c1,ALL,NA,vegetation_height,8
c1,VACMYR,1,height,4.9
c1,VACMYR,1,flowers,0
c1,VACMYR,2,height,9.8
c1,VACMYR,2,flowers,0
c1,VACMYR,3,height,10.6
c1,VACMYR,3,flowers,0
c1,VACMYR,4,height,6
c1,VACMYR,4,flowers,0
c1,VACVIT,1,height,4
c1,VACVIT,1,flowers,0
c1,VACVIT,2,height,1.6
c1,VACVIT,2,flowers,0
c1,VACVIT,3,height,4.6
c1,VACVIT,3,flowers,0
c1,VACVIT,4,height,3.9
c1,VACVIT,4,flowers,0
c10,ALL,NA,vegetation_height,17
c10,VACMYR,1,height,11
c10,VACMYR,1,flowers,0
c10,VACMYR,2,height,13.3
c10,VACMYR,2,flowers,0
c10,VACMYR,3,height,11.5
c10,VACMYR,3,flowers,0
c10,VACMYR,4,height,16
c10,VACMYR,4,flowers,1
c10,VACVIT,1,height,7.6
c10,VACVIT,1,flowers,0
c10,VACVIT,2,height,8.5
c10,VACVIT,2,flowers,0
c10,VACVIT,3,height,10.2
c10,VACVIT,3,flowers,0
c10,VACVIT,4,height,4.4
c10,VACVIT,4,flowers,0
c11,ALL,NA,vegetation_height,18
c11,BETNAN,1,height,29
c11,BETNAN,1,flowers,0
c11,BETNAN,2,height,25
c11,BETNAN,2,flowers,0
c11,BETNAN,3,height,31
c11,BETNAN,3,flowers,0
c11,BETNAN,4,height,24
c11,BETNAN,4,flowers,0
c11,VACMYR,1,height,17
c11,VACMYR,1,flowers,1
c11,VACMYR,2,height,10.4
c11,VACMYR,2,flowers,0
c11,VACMYR,3,height,13
c11,VACMYR,3,flowers,0
c11,VACMYR,4,height,12.4
c11,VACMYR,4,flowers,0
c11,VACULI,1,height,13.5
c11,VACULI,1,flowers,0
c11,VACULI,2,height,13
c11,VACULI,2,flowers,1
c11,VACULI,3,height,15
c11,VACULI,3,flowers,1
c11,VACULI,4,height,11.5
c11,VACULI,4,flowers,0
c11,VACVIT,1,height,3.6
c11,VACVIT,1,flowers,0
c11,VACVIT,2,height,7.1
c11,VACVIT,2,flowers,0
c11,VACVIT,3,height,4
c11,VACVIT,3,flowers,0
c11,VACVIT,4,height,6.4
c11,VACVIT,4,flowers,0
c12,ALL,NA,vegetation_height,27
c12,BETNAN,1,height,32
c12,BETNAN,1,flowers,0
c12,BETNAN,2,height,43
c12,BETNAN,2,flowers,0
c12,BETNAN,3,height,38
c12,BETNAN,3,flowers,0
c12,BETNAN,4,height,37
c12,BETNAN,4,flowers,1
c12,VACMYR,1,height,12
c12,VACMYR,1,flowers,0
c12,VACMYR,2,height,13.5
c12,VACMYR,2,flowers,1
c12,VACMYR,3,height,17
c12,VACMYR,3,flowers,1
c12,VACMYR,4,height,16.3
c12,VACMYR,4,flowers,1
c12,VACVIT,1,height,7.3
c12,VACVIT,1,flowers,0
c12,VACVIT,2,height,7
c12,VACVIT,2,flowers,0
c12,VACVIT,3,height,8.8
c12,VACVIT,3,flowers,0
c12,VACVIT,4,height,8.5
c12,VACVIT,4,flowers,0
c13,ALL,NA,vegetation_height,40
c13,BETNAN,1,height,49
c13,BETNAN,1,flowers,0
c13,BETNAN,2,height,39
c13,BETNAN,2,flowers,0
c13,BETNAN,3,height,36
c13,BETNAN,3,flowers,0
c13,BETNAN,4,height,17
c13,BETNAN,4,flowers,0
c13,VACMYR,1,height,11.2
c13,VACMYR,1,flowers,0
c13,VACMYR,2,height,13.5
c13,VACMYR,2,flowers,1
c13,VACMYR,3,height,15.5
c13,VACMYR,3,flowers,1
c13,VACMYR,4,height,17.3
c13,VACMYR,4,flowers,1
c13,VACVIT,1,height,2.5
c13,VACVIT,1,flowers,0
c13,VACVIT,2,height,7
c13,VACVIT,2,flowers,0
c13,VACVIT,3,height,6.6
c13,VACVIT,3,flowers,0
c13,VACVIT,4,height,6.4
c13,VACVIT,4,flowers,0
c14,ALL,NA,vegetation_height,22
c14,BETNAN,1,height,34
c14,BETNAN,1,flowers,1
c14,BETNAN,2,height,42
c14,BETNAN,2,flowers,0
c14,BETNAN,3,height,34
c14,BETNAN,3,flowers,1
c14,VACMYR,1,height,13.2
c14,VACMYR,1,flowers,1
c14,VACMYR,2,height,13.1
c14,VACMYR,2,flowers,1
c14,VACMYR,3,height,16
c14,VACMYR,3,flowers,0
c14,VACMYR,4,height,11.5
c14,VACMYR,4,flowers,0
c14,VACVIT,1,height,6
c14,VACVIT,1,flowers,0
c14,VACVIT,2,height,6.2
c14,VACVIT,2,flowers,0
c14,VACVIT,3,height,5.3
c14,VACVIT,3,flowers,0
c14,VACVIT,4,height,4.3
c14,VACVIT,4,flowers,0
c15,ALL,NA,vegetation_height,11
c15,BETNAN,1,height,19
c15,BETNAN,1,flowers,0
c15,SOLVIR,1,height,4.5
c15,SOLVIR,1,flowers,0
c15,SOLVIR,2,height,6
c15,SOLVIR,2,flowers,0
c15,SOLVIR,3,height,6.6
c15,SOLVIR,3,flowers,0
c15,VACMYR,1,height,11.2
c15,VACMYR,1,flowers,1
c15,VACMYR,2,height,10.4
c15,VACMYR,2,flowers,0
c15,VACMYR,3,height,10.4
c15,VACMYR,3,flowers,0
c15,VACMYR,4,height,8.6
c15,VACMYR,4,flowers,0
c15,VACVIT,1,height,7.8
c15,VACVIT,1,flowers,0
c15,VACVIT,2,height,5
c15,VACVIT,2,flowers,0
c15,VACVIT,3,height,5.4
c15,VACVIT,3,flowers,0
c15,VACVIT,4,height,4.6
c15,VACVIT,4,flowers,0
c16,ALL,NA,vegetation_height,8
c16,VACMYR,1,height,16
c16,VACMYR,1,flowers,0
c16,VACMYR,2,height,12.5
c16,VACMYR,2,flowers,1
c16,VACMYR,3,height,11.2
c16,VACMYR,3,flowers,0
c16,VACMYR,4,height,8.4
c16,VACMYR,4,flowers,0
c16,VACULI,1,height,5.2
c16,VACULI,1,flowers,0
c16,VACULI,2,height,8.1
c16,VACULI,2,flowers,0
c16,VACULI,3,height,8
c16,VACULI,3,flowers,0
c16,VACULI,4,height,7.8
c16,VACULI,4,flowers,0
c17,ALL,NA,vegetation_height,13
c17,BETNAN,1,height,17
c17,BETNAN,1,flowers,0
c17,VACMYR,1,height,9
c17,VACMYR,1,flowers,0
c17,VACMYR,2,height,11.5
c17,VACMYR,2,flowers,1
c17,VACMYR,3,height,10.8
c17,VACMYR,3,flowers,1
c17,VACMYR,4,height,8.6
c17,VACMYR,4,flowers,0
c17,VACULI,1,height,16.5
c17,VACULI,1,flowers,0
c17,VACULI,2,height,14
c17,VACULI,2,flowers,1
c17,VACULI,3,height,12.3
c17,VACULI,3,flowers,0
c17,VACULI,4,height,13.5
c17,VACULI,4,flowers,1
c17,VACVIT,1,height,4.4
c17,VACVIT,1,flowers,0
c17,VACVIT,2,height,6.1
c17,VACVIT,2,flowers,0
c17,VACVIT,3,height,5.5
c17,VACVIT,3,flowers,0
c17,VACVIT,4,height,5.4
c17,VACVIT,4,flowers,0
c18,ALL,NA,vegetation_height,10
c18,BETNAN,1,height,24
c18,BETNAN,1,flowers,0
c18,VACMYR,1,height,6.2
c18,VACMYR,1,flowers,0
c18,VACMYR,2,height,8.5
c18,VACMYR,2,flowers,1
c18,VACMYR,3,height,7
c18,VACMYR,3,flowers,0
c18,VACMYR,4,height,7.6
c18,VACMYR,4,flowers,1
c18,VACVIT,1,height,4.2
c18,VACVIT,1,flowers,0
c18,VACVIT,2,height,4.4
c18,VACVIT,2,flowers,0
c18,VACVIT,3,height,4
c18,VACVIT,3,flowers,0
c18,VACVIT,4,height,5.4
c18,VACVIT,4,flowers,0
c19,ALL,NA,vegetation_height,19
c19,BETNAN,1,height,34
c19,BETNAN,1,flowers,0
c19,BETNAN,2,height,32
c19,BETNAN,2,flowers,0
c19,BETNAN,3,height,22
c19,BETNAN,3,flowers,0
c19,BETNAN,4,height,24
c19,BETNAN,4,flowers,0
c19,VACMYR,1,height,12.3
c19,VACMYR,1,flowers,0
c19,VACMYR,2,height,15.5
c19,VACMYR,2,flowers,1
c19,VACMYR,3,height,19
c19,VACMYR,3,flowers,1
c19,VACMYR,4,height,10.5
c19,VACMYR,4,flowers,0
c19,VACVIT,1,height,4.5
c19,VACVIT,1,flowers,0
c19,VACVIT,2,height,8.6
c19,VACVIT,2,flowers,0
c19,VACVIT,3,height,4.8
c19,VACVIT,3,flowers,0
c19,VACVIT,4,height,3.1
c19,VACVIT,4,flowers,0
c2,ALL,NA,vegetation_height,6
c2,BETNAN,1,height,21
c2,BETNAN,1,flowers,1
c2,VACMYR,1,height,6.1
c2,VACMYR,1,flowers,1
c2,VACMYR,2,height,7.3
c2,VACMYR,2,flowers,1
c2,VACMYR,3,height,10.3
c2,VACMYR,3,flowers,1
c2,VACMYR,4,height,7.2
c2,VACMYR,4,flowers,0
c2,VACVIT,1,height,3.4
c2,VACVIT,1,flowers,0
c2,VACVIT,2,height,2.7
c2,VACVIT,2,flowers,0
c2,VACVIT,3,height,1.9
c2,VACVIT,3,flowers,0
c2,VACVIT,4,height,2.8
c2,VACVIT,4,flowers,0
c20,ALL,NA,vegetation_height,12
c20,BETNAN,1,height,36
c20,BETNAN,1,flowers,1
c20,VACMYR,1,height,14
c20,VACMYR,1,flowers,1
c20,VACMYR,2,height,11.4
c20,VACMYR,2,flowers,0
c20,VACMYR,3,height,12.5
c20,VACMYR,3,flowers,1
c20,VACMYR,4,height,9.8
c20,VACMYR,4,flowers,1
c20,VACVIT,1,height,9.5
c20,VACVIT,1,flowers,0
c20,VACVIT,2,height,3.2
c20,VACVIT,2,flowers,0
c20,VACVIT,3,height,5
c20,VACVIT,3,flowers,0
c20,VACVIT,4,height,6.7
c20,VACVIT,4,flowers,0
c21,ALL,NA,vegetation_height,11
c21,VACMYR,1,height,13.6
c21,VACMYR,1,flowers,1
c21,VACMYR,2,height,12.4
c21,VACMYR,2,flowers,1
c21,VACMYR,3,height,8.5
c21,VACMYR,3,flowers,0
c21,VACMYR,4,height,13
c21,VACMYR,4,flowers,1
c21,VACVIT,1,height,5.5
c21,VACVIT,1,flowers,0
c21,VACVIT,2,height,8.6
c21,VACVIT,2,flowers,0
c21,VACVIT,3,height,9
c21,VACVIT,3,flowers,0
c21,VACVIT,4,height,12.8
c21,VACVIT,4,flowers,0
c22,ALL,NA,vegetation_height,8
c22,VACMYR,1,height,7.9
c22,VACMYR,1,flowers,0
c22,VACMYR,2,height,8.1
c22,VACMYR,2,flowers,1
c22,VACMYR,3,height,11
c22,VACMYR,3,flowers,0
c22,VACMYR,4,height,7.5
c22,VACMYR,4,flowers,1
c22,VACVIT,1,height,4.1
c22,VACVIT,1,flowers,0
c22,VACVIT,2,height,4
c22,VACVIT,2,flowers,0
c22,VACVIT,3,height,4.2
c22,VACVIT,3,flowers,1
c22,VACVIT,4,height,4.5
c22,VACVIT,4,flowers,0
c23,ALL,NA,vegetation_height,12
c23,VACMYR,1,height,11
c23,VACMYR,1,flowers,1
c23,VACMYR,2,height,11.9
c23,VACMYR,2,flowers,1
c23,VACMYR,3,height,13.3
c23,VACMYR,3,flowers,1
c23,VACMYR,4,height,8.4
c23,VACMYR,4,flowers,0
c23,VACULI,1,height,7.6
c23,VACULI,1,flowers,0
c23,VACULI,2,height,8.5
c23,VACULI,2,flowers,0
c23,VACULI,3,height,5
c23,VACULI,3,flowers,1
c23,VACULI,4,height,5.5
c23,VACULI,4,flowers,1
c23,VACVIT,1,height,4.2
c23,VACVIT,1,flowers,0
c23,VACVIT,2,height,5
c23,VACVIT,2,flowers,0
c23,VACVIT,3,height,2.9
c23,VACVIT,3,flowers,0
c23,VACVIT,4,height,7.8
c23,VACVIT,4,flowers,0
c24,ALL,NA,vegetation_height,13
c24,SOLVIR,1,height,9
c24,SOLVIR,1,flowers,0
c24,SOLVIR,2,height,4
c24,SOLVIR,2,flowers,0
c24,VACMYR,1,height,11.4
c24,VACMYR,1,flowers,1
c24,VACMYR,2,height,16
c24,VACMYR,2,flowers,1
c24,VACMYR,3,height,7.8
c24,VACMYR,3,flowers,0
c24,VACMYR,4,height,11.6
c24,VACMYR,4,flowers,0
c24,VACULI,1,height,8.3
c24,VACULI,1,flowers,0
c24,VACULI,2,height,9.8
c24,VACULI,2,flowers,0
c24,VACULI,3,height,7.6
c24,VACULI,3,flowers,0
c24,VACULI,4,height,11.5
c24,VACULI,4,flowers,0
c24,VACVIT,1,height,6.6
c24,VACVIT,1,flowers,0
c24,VACVIT,2,height,4.8
c24,VACVIT,2,flowers,0
c24,VACVIT,3,height,2.5
c24,VACVIT,3,flowers,0
c24,VACVIT,4,height,5.1
c24,VACVIT,4,flowers,0
c25,ALL,NA,vegetation_height,8
c25,VACMYR,1,height,10.3
c25,VACMYR,1,flowers,1
c25,VACMYR,2,height,8.2
c25,VACMYR,2,flowers,0
c25,VACMYR,3,height,7.4
c25,VACMYR,3,flowers,1
c25,VACMYR,4,height,9
c25,VACMYR,4,flowers,1
c25,VACVIT,1,height,5.4
c25,VACVIT,1,flowers,0
c25,VACVIT,2,height,3.3
c25,VACVIT,2,flowers,0
c25,VACVIT,3,height,4.8
c25,VACVIT,3,flowers,0
c25,VACVIT,4,height,3.5
c25,VACVIT,4,flowers,0
c3,ALL,NA,vegetation_height,16
c3,BETNAN,1,height,24
c3,BETNAN,1,flowers,1
c3,BETNAN,2,height,23
c3,BETNAN,2,flowers,1
c3,BETNAN,3,height,18
c3,BETNAN,3,flowers,1
c3,BETNAN,4,height,18
c3,BETNAN,4,flowers,1
c3,VACMYR,1,height,15
c3,VACMYR,1,flowers,0
c3,VACMYR,2,height,9.5
c3,VACMYR,2,flowers,0
c3,VACMYR,3,height,10.1
c3,VACMYR,3,flowers,0
c3,VACMYR,4,height,6.4
c3,VACMYR,4,flowers,1
c3,VACULI,1,height,9
c3,VACULI,1,flowers,0
c3,VACULI,2,height,7.2
c3,VACULI,2,flowers,0
c3,VACULI,3,height,5.8
c3,VACULI,3,flowers,0
c3,VACULI,4,height,5.9
c3,VACULI,4,flowers,1
c3,VACVIT,1,height,5.2
c3,VACVIT,1,flowers,0
c3,VACVIT,2,height,6.4
c3,VACVIT,2,flowers,0
c3,VACVIT,3,height,3.4
c3,VACVIT,3,flowers,0
c3,VACVIT,4,height,5.8
c3,VACVIT,4,flowers,0
c4,ALL,NA,vegetation_height,9
c4,BETNAN,1,height,37
c4,BETNAN,1,flowers,1
c4,BETNAN,2,height,36
c4,BETNAN,2,flowers,1
c4,BETNAN,3,height,23
c4,BETNAN,3,flowers,0
c4,VACMYR,1,height,7.7
c4,VACMYR,1,flowers,0
c4,VACMYR,2,height,9.1
c4,VACMYR,2,flowers,0
c4,VACMYR,3,height,7.9
c4,VACMYR,3,flowers,1
c4,VACMYR,4,height,9.1
c4,VACMYR,4,flowers,0
c4,VACVIT,1,height,5.5
c4,VACVIT,1,flowers,0
c4,VACVIT,2,height,4.6
c4,VACVIT,2,flowers,0
c4,VACVIT,3,height,2.7
c4,VACVIT,3,flowers,0
c4,VACVIT,4,height,6.5
c4,VACVIT,4,flowers,0
c5,ALL,NA,vegetation_height,18
c5,BETNAN,1,height,27
c5,BETNAN,1,flowers,0
c5,BETNAN,2,height,29
c5,BETNAN,2,flowers,0
c5,BETNAN,3,height,33
c5,BETNAN,3,flowers,0
c5,BETNAN,4,height,28
c5,BETNAN,4,flowers,0
c5,VACMYR,1,height,12.4
c5,VACMYR,1,flowers,1
c5,VACMYR,2,height,10.5
c5,VACMYR,2,flowers,0
c5,VACMYR,3,height,11.2
c5,VACMYR,3,flowers,0
c5,VACMYR,4,height,9.3
c5,VACMYR,4,flowers,0
c5,VACVIT,1,height,7.6
c5,VACVIT,1,flowers,0
c5,VACVIT,2,height,8.5
c5,VACVIT,2,flowers,0
c5,VACVIT,3,height,6
c5,VACVIT,3,flowers,0
c5,VACVIT,4,height,3.1
c5,VACVIT,4,flowers,0
c6,ALL,NA,vegetation_height,12
c6,VACMYR,1,height,8.5
c6,VACMYR,1,flowers,0
c6,VACMYR,2,height,7.4
c6,VACMYR,2,flowers,1
c6,VACMYR,3,height,9.5
c6,VACMYR,3,flowers,1
c6,VACMYR,4,height,11
c6,VACMYR,4,flowers,1
c6,VACVIT,1,height,3.6
c6,VACVIT,1,flowers,0
c6,VACVIT,2,height,4
c6,VACVIT,2,flowers,0
c6,VACVIT,3,height,3.2
c6,VACVIT,3,flowers,0
c6,VACVIT,4,height,2.8
c6,VACVIT,4,flowers,0
c7,ALL,NA,vegetation_height,25
c7,BETNAN,1,height,27
c7,BETNAN,1,flowers,0
c7,BETNAN,2,height,36
c7,BETNAN,2,flowers,0
c7,BETNAN,3,height,28
c7,BETNAN,3,flowers,0
c7,BETNAN,4,height,24
c7,BETNAN,4,flowers,0
c7,VACMYR,1,height,7.2
c7,VACMYR,1,flowers,0
c7,VACMYR,2,height,11.5
c7,VACMYR,2,flowers,1
c7,VACMYR,3,height,9.3
c7,VACMYR,3,flowers,1
c7,VACMYR,4,height,14.5
c7,VACMYR,4,flowers,0
c7,VACVIT,1,height,3.6
c7,VACVIT,1,flowers,0
c7,VACVIT,2,height,4
c7,VACVIT,2,flowers,0
c7,VACVIT,3,height,7.9
c7,VACVIT,3,flowers,0
c7,VACVIT,4,height,5.3
c7,VACVIT,4,flowers,0
c8,ALL,NA,vegetation_height,15
c8,BETNAN,1,height,27
c8,BETNAN,1,flowers,0
c8,BETNAN,2,height,15
c8,BETNAN,2,flowers,1
c8,BETNAN,3,height,26
c8,BETNAN,3,flowers,0
c8,BETNAN,4,height,27
c8,BETNAN,4,flowers,1
c8,VACMYR,1,height,8
c8,VACMYR,1,flowers,0
c8,VACMYR,2,height,8.3
c8,VACMYR,2,flowers,0
c8,VACMYR,3,height,10.4
c8,VACMYR,3,flowers,0
c8,VACMYR,4,height,9.5
c8,VACMYR,4,flowers,0
c8,VACVIT,1,height,3.6
c8,VACVIT,1,flowers,0
c8,VACVIT,2,height,3
c8,VACVIT,2,flowers,0
c8,VACVIT,3,height,3.4
c8,VACVIT,3,flowers,0
c8,VACVIT,4,height,2.7
c8,VACVIT,4,flowers,0
c9,ALL,NA,vegetation_height,11
c9,VACMYR,1,height,5
c9,VACMYR,1,flowers,0
c9,VACMYR,2,height,7.3
c9,VACMYR,2,flowers,0
c9,VACMYR,3,height,11
c9,VACMYR,3,flowers,1
c9,VACMYR,4,height,12.2
c9,VACMYR,4,flowers,1
c9,VACVIT,1,height,3.9
c9,VACVIT,1,flowers,0
c9,VACVIT,2,height,8
c9,VACVIT,2,flowers,0
c9,VACVIT,3,height,7
c9,VACVIT,3,flowers,0
c9,VACVIT,4,height,6.2
c9,VACVIT,4,flowers,0
d1,ALL,NA,vegetation_height,6
d1,SOLVIR,1,height,7.5
d1,SOLVIR,1,flowers,0
d1,VACVIT,1,height,8.5
d1,VACVIT,1,flowers,0
d1,VACVIT,2,height,5.6
d1,VACVIT,2,flowers,0
d1,VACVIT,3,height,8.7
d1,VACVIT,3,flowers,0
d1,VACVIT,4,height,5.9
d1,VACVIT,4,flowers,0
d10,ALL,NA,vegetation_height,10
d10,VACMYR,1,height,15.3
d10,VACMYR,1,flowers,1
d10,VACMYR,2,height,14.5
d10,VACMYR,2,flowers,1
d10,VACMYR,3,height,9.4
d10,VACMYR,3,flowers,1
d10,VACMYR,4,height,8.2
d10,VACMYR,4,flowers,0
d10,VACVIT,1,height,4
d10,VACVIT,1,flowers,0
d10,VACVIT,2,height,4.4
d10,VACVIT,2,flowers,0
d10,VACVIT,3,height,5.8
d10,VACVIT,3,flowers,1
d10,VACVIT,4,height,5.6
d10,VACVIT,4,flowers,0
d11,ALL,NA,vegetation_height,18
d11,BETNAN,1,height,34
d11,BETNAN,1,flowers,0
d11,BETNAN,2,height,35
d11,BETNAN,2,flowers,1
d11,BETNAN,3,height,42
d11,BETNAN,3,flowers,0
d11,SOLVIR,1,height,7.2
d11,SOLVIR,1,flowers,0
d11,SOLVIR,2,height,7.4
d11,SOLVIR,2,flowers,0
d11,SOLVIR,3,height,4.5
d11,SOLVIR,3,flowers,0
d11,SOLVIR,4,height,3.9
d11,SOLVIR,4,flowers,0
d11,VACMYR,1,height,14
d11,VACMYR,1,flowers,1
d11,VACMYR,2,height,11.1
d11,VACMYR,2,flowers,1
d11,VACMYR,3,height,7.7
d11,VACMYR,3,flowers,0
d11,VACMYR,4,height,9.2
d11,VACMYR,4,flowers,0
d11,VACULI,1,height,13.6
d11,VACULI,1,flowers,0
d11,VACULI,2,height,11.8
d11,VACULI,2,flowers,0
d11,VACULI,3,height,20.5
d11,VACULI,3,flowers,0
d11,VACULI,4,height,11.5
d11,VACULI,4,flowers,0
d11,VACVIT,1,height,6.1
d11,VACVIT,1,flowers,0
d11,VACVIT,2,height,3.6
d11,VACVIT,2,flowers,0
d11,VACVIT,3,height,3.4
d11,VACVIT,3,flowers,0
d11,VACVIT,4,height,4.1
d11,VACVIT,4,flowers,0
d12,ALL,NA,vegetation_height,20
d12,BETNAN,1,height,33
d12,BETNAN,1,flowers,0
d12,BETNAN,2,height,27
d12,BETNAN,2,flowers,0
d12,BETNAN,3,height,32
d12,BETNAN,3,flowers,0
d12,BETNAN,4,height,35
d12,BETNAN,4,flowers,0
d12,SOLVIR,1,height,13
d12,SOLVIR,1,flowers,0
d12,VACMYR,1,height,14.9
d12,VACMYR,1,flowers,1
d12,VACMYR,2,height,15.6
d12,VACMYR,2,flowers,1
d12,VACMYR,3,height,10.3
d12,VACMYR,3,flowers,0
d12,VACMYR,4,height,15
d12,VACMYR,4,flowers,0
d12,VACULI,1,height,15
d12,VACULI,1,flowers,0
d12,VACULI,2,height,14.3
d12,VACULI,2,flowers,1
d12,VACULI,3,height,25
d12,VACULI,3,flowers,0
d12,VACULI,4,height,15.5
d12,VACULI,4,flowers,1
d12,VACVIT,1,height,9.8
d12,VACVIT,1,flowers,0
d12,VACVIT,2,height,9.5
d12,VACVIT,2,flowers,0
d12,VACVIT,3,height,7.6
d12,VACVIT,3,flowers,0
d12,VACVIT,4,height,8.2
d12,VACVIT,4,flowers,0
d13,ALL,NA,vegetation_height,18
d13,BETNAN,1,height,19
d13,BETNAN,1,flowers,0
d13,BETNAN,2,height,44
d13,BETNAN,2,flowers,0
d13,BETNAN,3,height,24
d13,BETNAN,3,flowers,0
d13,BETNAN,4,height,19
d13,BETNAN,4,flowers,0
d13,BISVIV,1,height,6.3
d13,BISVIV,1,flowers,0
d13,BISVIV,2,height,5.9
d13,BISVIV,2,flowers,0
d13,BISVIV,3,height,4.1
d13,BISVIV,3,flowers,0
d13,BISVIV,4,height,8.9
d13,BISVIV,4,flowers,1
d13,VACMYR,1,height,11.3
d13,VACMYR,1,flowers,1
d13,VACMYR,2,height,8.8
d13,VACMYR,2,flowers,1
d13,VACMYR,3,height,8.5
d13,VACMYR,3,flowers,0
d13,VACMYR,4,height,10
d13,VACMYR,4,flowers,0
d13,VACULI,1,height,15
d13,VACULI,1,flowers,1
d13,VACULI,2,height,19
d13,VACULI,2,flowers,1
d13,VACULI,3,height,15.5
d13,VACULI,3,flowers,1
d13,VACULI,4,height,14.5
d13,VACULI,4,flowers,0
d14,ALL,NA,vegetation_height,11
d14,VACMYR,1,height,13.7
d14,VACMYR,1,flowers,1
d14,VACMYR,2,height,13
d14,VACMYR,2,flowers,1
d14,VACMYR,3,height,12.7
d14,VACMYR,3,flowers,1
d14,VACMYR,4,height,9.5
d14,VACMYR,4,flowers,0
d15,ALL,NA,vegetation_height,10
d15,BETNAN,1,height,12.7
d15,BETNAN,1,flowers,0
d15,BETNAN,2,height,22
d15,BETNAN,2,flowers,0
d15,BETNAN,3,height,20.5
d15,BETNAN,3,flowers,0
d15,VACMYR,1,height,8.5
d15,VACMYR,1,flowers,0
d15,VACMYR,2,height,11
d15,VACMYR,2,flowers,0
d15,VACMYR,3,height,5.9
d15,VACMYR,3,flowers,0
d15,VACMYR,4,height,6.2
d15,VACMYR,4,flowers,1
d15,VACVIT,1,height,4.9
d15,VACVIT,1,flowers,0
d15,VACVIT,2,height,4.6
d15,VACVIT,2,flowers,0
d15,VACVIT,3,height,5.4
d15,VACVIT,3,flowers,0
d15,VACVIT,4,height,3.5
d15,VACVIT,4,flowers,0
d16,ALL,NA,vegetation_height,50
d16,BETNAN,1,height,28
d16,BETNAN,1,flowers,0
d16,BETNAN,2,height,39
d16,BETNAN,2,flowers,0
d16,BETNAN,3,height,38
d16,BETNAN,3,flowers,0
d16,SOLVIR,1,height,12
d16,SOLVIR,1,flowers,0
d16,SOLVIR,2,height,15.5
d16,SOLVIR,2,flowers,0
d16,SOLVIR,3,height,14.5
d16,SOLVIR,3,flowers,0
d16,SOLVIR,4,height,10.3
d16,SOLVIR,4,flowers,0
d16,VACMYR,1,height,14.3
d16,VACMYR,1,flowers,0
d16,VACMYR,2,height,13.5
d16,VACMYR,2,flowers,0
d16,VACMYR,3,height,19.5
d16,VACMYR,3,flowers,0
d16,VACMYR,4,height,10
d16,VACMYR,4,flowers,1
d16,VACULI,1,height,17
d16,VACULI,1,flowers,0
d16,VACULI,2,height,13
d16,VACULI,2,flowers,0
d16,VACULI,3,height,11
d16,VACULI,3,flowers,0
d16,VACULI,4,height,13.5
d16,VACULI,4,flowers,0
d16,VACVIT,1,height,8.5
d16,VACVIT,1,flowers,0
d16,VACVIT,2,height,8.2
d16,VACVIT,2,flowers,0
d16,VACVIT,3,height,5
d16,VACVIT,3,flowers,0
d16,VACVIT,4,height,8.3
d16,VACVIT,4,flowers,0
d17,ALL,NA,vegetation_height,10
d17,BETNAN,1,height,10.5
d17,BETNAN,1,flowers,0
d17,BETNAN,2,height,17
d17,BETNAN,2,flowers,0
d17,BETNAN,3,height,21
d17,BETNAN,3,flowers,0
d17,BETNAN,4,height,15
d17,BETNAN,4,flowers,0
d17,BISVIV,1,height,6.2
d17,BISVIV,1,flowers,0
d17,BISVIV,2,height,4.3
d17,BISVIV,2,flowers,0
d17,BISVIV,3,height,5.1
d17,BISVIV,3,flowers,0
d17,BISVIV,4,height,4.9
d17,BISVIV,4,flowers,0
d17,SOLVIR,1,height,6.5
d17,SOLVIR,1,flowers,0
d17,SOLVIR,2,height,9.2
d17,SOLVIR,2,flowers,0
d17,VACMYR,1,height,9.5
d17,VACMYR,1,flowers,0
d17,VACMYR,2,height,8.2
d17,VACMYR,2,flowers,0
d17,VACMYR,3,height,8.4
d17,VACMYR,3,flowers,0
d17,VACMYR,4,height,8.9
d17,VACMYR,4,flowers,1
d17,VACULI,1,height,11
d17,VACULI,1,flowers,0
d17,VACULI,2,height,8
d17,VACULI,2,flowers,0
d17,VACULI,3,height,12.5
d17,VACULI,3,flowers,0
d17,VACULI,4,height,8.5
d17,VACULI,4,flowers,0
d17,VACVIT,1,height,6.1
d17,VACVIT,1,flowers,0
d17,VACVIT,2,height,6.8
d17,VACVIT,2,flowers,0
d17,VACVIT,3,height,4.9
d17,VACVIT,3,flowers,0
d17,VACVIT,4,height,3.2
d17,VACVIT,4,flowers,0
d18,ALL,NA,vegetation_height,7
d18,VACMYR,1,height,8.6
d18,VACMYR,1,flowers,0
d18,VACMYR,2,height,9.2
d18,VACMYR,2,flowers,1
d18,VACMYR,3,height,7
d18,VACMYR,3,flowers,0
d18,VACMYR,4,height,7.3
d18,VACMYR,4,flowers,0
d18,VACULI,1,height,3.9
d18,VACULI,1,flowers,0
d18,VACULI,2,height,5.2
d18,VACULI,2,flowers,0
d18,VACULI,3,height,1.9
d18,VACULI,3,flowers,0
d18,VACULI,4,height,3.6
d18,VACULI,4,flowers,0
d18,VACVIT,1,height,4.2
d18,VACVIT,1,flowers,1
d18,VACVIT,2,height,2.7
d18,VACVIT,2,flowers,0
d18,VACVIT,3,height,3.7
d18,VACVIT,3,flowers,0
d18,VACVIT,4,height,2.9
d18,VACVIT,4,flowers,0
d19,ALL,NA,vegetation_height,29
d19,BETNAN,1,height,39
d19,BETNAN,1,flowers,1
d19,BETNAN,2,height,26
d19,BETNAN,2,flowers,1
d19,BETNAN,3,height,17
d19,BETNAN,3,flowers,1
d19,VACVIT,1,height,3.6
d19,VACVIT,1,flowers,0
d19,VACVIT,2,height,3.5
d19,VACVIT,2,flowers,0
d19,VACVIT,3,height,4.5
d19,VACVIT,3,flowers,0
d19,VACVIT,4,height,3.2
d19,VACVIT,4,flowers,0
d2,ALL,NA,vegetation_height,16
d2,BETNAN,1,height,20
d2,BETNAN,1,flowers,0
d2,BETNAN,2,height,24
d2,BETNAN,2,flowers,0
d2,BETNAN,3,height,17
d2,BETNAN,3,flowers,0
d2,BETNAN,4,height,32
d2,BETNAN,4,flowers,0
d2,BISVIV,1,height,7.8
d2,BISVIV,1,flowers,0
d2,BISVIV,2,height,9.8
d2,BISVIV,2,flowers,0
d2,BISVIV,3,height,8.5
d2,BISVIV,3,flowers,0
d2,BISVIV,4,height,11.4
d2,BISVIV,4,flowers,1
d2,VACVIT,1,height,5.5
d2,VACVIT,1,flowers,0
d2,VACVIT,2,height,5.4
d2,VACVIT,2,flowers,0
d2,VACVIT,3,height,5.1
d2,VACVIT,3,flowers,0
d2,VACVIT,4,height,6
d2,VACVIT,4,flowers,0
d20,ALL,NA,vegetation_height,15
d20,BETNAN,1,height,17
d20,BETNAN,1,flowers,0
d20,BETNAN,2,height,18
d20,BETNAN,2,flowers,0
d20,BETNAN,3,height,22
d20,BETNAN,3,flowers,0
d20,VACMYR,1,height,5.1
d20,VACMYR,1,flowers,0
d20,VACMYR,2,height,5.2
d20,VACMYR,2,flowers,0
d20,VACMYR,3,height,6.3
d20,VACMYR,3,flowers,0
d20,VACMYR,4,height,8.6
d20,VACMYR,4,flowers,0
d20,VACVIT,1,height,5.1
d20,VACVIT,1,flowers,0
d20,VACVIT,2,height,4.7
d20,VACVIT,2,flowers,0
d20,VACVIT,3,height,3.8
d20,VACVIT,3,flowers,0
d20,VACVIT,4,height,3.6
d20,VACVIT,4,flowers,0
d21,ALL,NA,vegetation_height,13
d21,BETNAN,1,height,25
d21,BETNAN,1,flowers,0
d21,BETNAN,2,height,17.5
d21,BETNAN,2,flowers,0
d21,BETNAN,3,height,24
d21,BETNAN,3,flowers,0
d21,BETNAN,4,height,9.5
d21,BETNAN,4,flowers,0
d21,VACMYR,1,height,7.5
d21,VACMYR,1,flowers,0
d21,VACMYR,2,height,6.7
d21,VACMYR,2,flowers,0
d21,VACMYR,3,height,8.5
d21,VACMYR,3,flowers,1
d21,VACMYR,4,height,9.3
d21,VACMYR,4,flowers,0
d21,VACULI,1,height,7
d21,VACULI,1,flowers,0
d21,VACULI,2,height,12
d21,VACULI,2,flowers,0
d21,VACULI,3,height,9
d21,VACULI,3,flowers,1
d21,VACVIT,1,height,4.1
d21,VACVIT,1,flowers,0
d21,VACVIT,2,height,2.6
d21,VACVIT,2,flowers,0
d21,VACVIT,3,height,5.7
d21,VACVIT,3,flowers,0
d21,VACVIT,4,height,4.8
d21,VACVIT,4,flowers,0
d22,ALL,NA,vegetation_height,5
d22,BETNAN,1,height,7.5
d22,BETNAN,1,flowers,0
d22,BETNAN,2,height,6.8
d22,BETNAN,2,flowers,0
d22,BETNAN,3,height,6
d22,BETNAN,3,flowers,0
d22,BETNAN,4,height,7.4
d22,BETNAN,4,flowers,0
d22,VACMYR,1,height,5.9
d22,VACMYR,1,flowers,0
d22,VACMYR,2,height,6.2
d22,VACMYR,2,flowers,0
d22,VACMYR,3,height,5.5
d22,VACMYR,3,flowers,0
d22,VACMYR,4,height,5.3
d22,VACMYR,4,flowers,0
d22,VACVIT,1,height,3.4
d22,VACVIT,1,flowers,0
d22,VACVIT,2,height,2.5
d22,VACVIT,2,flowers,0
d22,VACVIT,3,height,2.7
d22,VACVIT,3,flowers,0
d22,VACVIT,4,height,4.5
d22,VACVIT,4,flowers,0
d23,ALL,NA,vegetation_height,16
d23,BETNAN,1,height,28
d23,BETNAN,1,flowers,1
d23,BETNAN,2,height,26
d23,BETNAN,2,flowers,0
d23,BETNAN,3,height,31
d23,BETNAN,3,flowers,1
d23,BETNAN,4,height,23.5
d23,BETNAN,4,flowers,0
d23,VACMYR,1,height,9.8
d23,VACMYR,1,flowers,0
d23,VACMYR,2,height,9.3
d23,VACMYR,2,flowers,0
d23,VACMYR,3,height,7.1
d23,VACMYR,3,flowers,0
d23,VACMYR,4,height,13
d23,VACMYR,4,flowers,0
d23,VACVIT,1,height,5
d23,VACVIT,1,flowers,0
d23,VACVIT,2,height,6.3
d23,VACVIT,2,flowers,0
d23,VACVIT,3,height,7.8
d23,VACVIT,3,flowers,0
d23,VACVIT,4,height,5.5
d23,VACVIT,4,flowers,0
d24,ALL,NA,vegetation_height,28
d24,BETNAN,1,height,38
d24,BETNAN,1,flowers,0
d24,BETNAN,2,height,19
d24,BETNAN,2,flowers,0
d24,BETNAN,3,height,32
d24,BETNAN,3,flowers,0
d24,BETNAN,4,height,29
d24,BETNAN,4,flowers,0
d24,VACMYR,1,height,13.5
d24,VACMYR,1,flowers,0
d24,VACMYR,2,height,10.7
d24,VACMYR,2,flowers,1
d24,VACMYR,3,height,11.6
d24,VACMYR,3,flowers,0
d24,VACMYR,4,height,9
d24,VACMYR,4,flowers,1
d24,VACVIT,1,height,3.2
d24,VACVIT,1,flowers,0
d24,VACVIT,2,height,4.1
d24,VACVIT,2,flowers,0
d24,VACVIT,3,height,5
d24,VACVIT,3,flowers,0
d24,VACVIT,4,height,3.6
d24,VACVIT,4,flowers,0
d25,ALL,NA,vegetation_height,7
d25,BETNAN,1,height,13.5
d25,BETNAN,1,flowers,0
d25,BETNAN,2,height,10.3
d25,BETNAN,2,flowers,0
d25,VACMYR,1,height,8.6
d25,VACMYR,1,flowers,0
d25,VACMYR,2,height,12.5
d25,VACMYR,2,flowers,0
d25,VACMYR,3,height,7.4
d25,VACMYR,3,flowers,0
d25,VACMYR,4,height,4.2
d25,VACMYR,4,flowers,0
d25,VACVIT,1,height,5.5
d25,VACVIT,1,flowers,0
d25,VACVIT,2,height,3.7
d25,VACVIT,2,flowers,0
d25,VACVIT,3,height,3
d25,VACVIT,3,flowers,0
d25,VACVIT,4,height,4.2
d25,VACVIT,4,flowers,0
d3,ALL,NA,vegetation_height,29
d3,BETNAN,1,height,46
d3,BETNAN,1,flowers,1
d3,BETNAN,2,height,39
d3,BETNAN,2,flowers,1
d3,VACMYR,1,height,12.5
d3,VACMYR,1,flowers,1
d3,VACMYR,2,height,8.5
d3,VACMYR,2,flowers,9
d3,VACMYR,3,height,15
d3,VACMYR,3,flowers,1
d3,VACMYR,4,height,11.3
d3,VACMYR,4,flowers,1
d3,VACULI,1,height,24
d3,VACULI,1,flowers,1
d3,VACULI,2,height,22
d3,VACULI,2,flowers,1
d3,VACULI,3,height,15.5
d3,VACULI,3,flowers,1
d3,VACULI,4,height,10.5
d3,VACULI,4,flowers,1
d3,VACVIT,1,height,9
d3,VACVIT,1,flowers,0
d3,VACVIT,2,height,5.2
d3,VACVIT,2,flowers,1
d3,VACVIT,3,height,6.4
d3,VACVIT,3,flowers,1
d3,VACVIT,4,height,3.9
d3,VACVIT,4,flowers,0
d4,ALL,NA,vegetation_height,12
d4,BETNAN,1,height,22
d4,BETNAN,1,flowers,0
d4,BETNAN,2,height,26
d4,BETNAN,2,flowers,1
d4,BETNAN,3,height,23
d4,BETNAN,3,flowers,1
d4,BETNAN,4,height,28
d4,BETNAN,4,flowers,0
d4,VACMYR,1,height,15
d4,VACMYR,1,flowers,0
d4,VACMYR,2,height,14
d4,VACMYR,2,flowers,0
d4,VACMYR,3,height,10.4
d4,VACMYR,3,flowers,1
d4,VACMYR,4,height,17.6
d4,VACMYR,4,flowers,1
d4,VACULI,1,height,12.8
d4,VACULI,1,flowers,1
d4,VACULI,2,height,14
d4,VACULI,2,flowers,1
d4,VACULI,3,height,13.8
d4,VACULI,3,flowers,1
d4,VACULI,4,height,9.2
d4,VACULI,4,flowers,0
d4,VACVIT,1,height,6.8
d4,VACVIT,1,flowers,0
d4,VACVIT,2,height,4.6
d4,VACVIT,2,flowers,0
d4,VACVIT,3,height,6.6
d4,VACVIT,3,flowers,0
d4,VACVIT,4,height,5.9
d4,VACVIT,4,flowers,0
d5,ALL,NA,vegetation_height,11
d5,BETNAN,1,height,25
d5,BETNAN,1,flowers,0
d5,BETNAN,2,height,23
d5,BETNAN,2,flowers,1
d5,BETNAN,3,height,15
d5,BETNAN,3,flowers,1
d5,VACMYR,1,height,7.9
d5,VACMYR,1,flowers,0
d5,VACMYR,2,height,10.7
d5,VACMYR,2,flowers,0
d5,VACMYR,3,height,7.5
d5,VACMYR,3,flowers,0
d5,VACMYR,4,height,9.2
d5,VACMYR,4,flowers,1
d5,VACVIT,1,height,7.7
d5,VACVIT,1,flowers,0
d5,VACVIT,2,height,3.6
d5,VACVIT,2,flowers,0
d5,VACVIT,3,height,4
d5,VACVIT,3,flowers,0
d5,VACVIT,4,height,5.4
d5,VACVIT,4,flowers,0
d6,ALL,NA,vegetation_height,10
d6,BETNAN,1,height,30
d6,BETNAN,1,flowers,0
d6,BETNAN,2,height,11.5
d6,BETNAN,2,flowers,0
d6,VACMYR,1,height,14
d6,VACMYR,1,flowers,0
d6,VACMYR,2,height,7.1
d6,VACMYR,2,flowers,0
d6,VACMYR,3,height,15.2
d6,VACMYR,3,flowers,1
d6,VACMYR,4,height,9.8
d6,VACMYR,4,flowers,1
d6,VACULI,1,height,7.6
d6,VACULI,1,flowers,0
d6,VACULI,2,height,7.9
d6,VACULI,2,flowers,0
d6,VACULI,3,height,9.8
d6,VACULI,3,flowers,0
d6,VACULI,4,height,9.8
d6,VACULI,4,flowers,0
d6,VACVIT,1,height,5.6
d6,VACVIT,1,flowers,0
d6,VACVIT,2,height,4
d6,VACVIT,2,flowers,0
d6,VACVIT,3,height,4.3
d6,VACVIT,3,flowers,0
d6,VACVIT,4,height,8.1
d6,VACVIT,4,flowers,0
d7,ALL,NA,vegetation_height,15
d7,BETNAN,1,height,21
d7,BETNAN,1,flowers,0
d7,BETNAN,2,height,27
d7,BETNAN,2,flowers,0
d7,BETNAN,3,height,28
d7,BETNAN,3,flowers,0
d7,VACMYR,1,height,11.5
d7,VACMYR,1,flowers,0
d7,VACMYR,2,height,9.2
d7,VACMYR,2,flowers,1
d7,VACMYR,3,height,17.4
d7,VACMYR,3,flowers,1
d7,VACMYR,4,height,11.5
d7,VACMYR,4,flowers,1
d7,VACULI,1,height,14.2
d7,VACULI,1,flowers,0
d7,VACULI,2,height,17
d7,VACULI,2,flowers,0
d7,VACULI,3,height,16
d7,VACULI,3,flowers,1
d7,VACULI,4,height,21
d7,VACULI,4,flowers,1
d7,VACVIT,1,height,3
d7,VACVIT,1,flowers,0
d7,VACVIT,2,height,5.7
d7,VACVIT,2,flowers,0
d7,VACVIT,3,height,7.5
d7,VACVIT,3,flowers,0
d7,VACVIT,4,height,7.2
d7,VACVIT,4,flowers,0
d8,ALL,NA,vegetation_height,9
d8,BETNAN,1,height,15
d8,BETNAN,1,flowers,0
d8,BETNAN,2,height,19
d8,BETNAN,2,flowers,0
d8,BETNAN,3,height,5.5
d8,BETNAN,3,flowers,0
d8,BETNAN,4,height,19
d8,BETNAN,4,flowers,0
d8,VACMYR,1,height,8.2
d8,VACMYR,1,flowers,0
d8,VACMYR,2,height,6.1
d8,VACMYR,2,flowers,0
d8,VACMYR,3,height,13.9
d8,VACMYR,3,flowers,0
d8,VACMYR,4,height,9.6
d8,VACMYR,4,flowers,0
d8,VACULI,1,height,8
d8,VACULI,1,flowers,1
d8,VACULI,2,height,8.2
d8,VACULI,2,flowers,0
d8,VACULI,3,height,5.4
d8,VACULI,3,flowers,0
d8,VACULI,4,height,6
d8,VACULI,4,flowers,1
d8,VACVIT,1,height,4.2
d8,VACVIT,1,flowers,0
d8,VACVIT,2,height,3.1
d8,VACVIT,2,flowers,0
d8,VACVIT,3,height,6.1
d8,VACVIT,3,flowers,0
d8,VACVIT,4,height,4.6
d8,VACVIT,4,flowers,0
d9,ALL,NA,vegetation_height,13
d9,BETNAN,1,height,13.5
d9,BETNAN,1,flowers,0
d9,BETNAN,2,height,13.5
d9,BETNAN,2,flowers,0
d9,VACMYR,1,height,12.2
d9,VACMYR,1,flowers,0
d9,VACMYR,2,height,14
d9,VACMYR,2,flowers,1
d9,VACMYR,3,height,9.2
d9,VACMYR,3,flowers,0
d9,VACMYR,4,height,10.7
d9,VACMYR,4,flowers,0
d9,VACVIT,1,height,4.5
d9,VACVIT,1,flowers,0
d9,VACVIT,2,height,2.6
d9,VACVIT,2,flowers,0
d9,VACVIT,3,height,3.3
d9,VACVIT,3,flowers,0
d9,VACVIT,4,height,2.4
d9,VACVIT,4,flowers,0
e1,ALL,NA,vegetation_height,10
e1,BETNAN,1,height,19
e1,BETNAN,1,flowers,0
e1,BETNAN,2,height,27
e1,BETNAN,2,flowers,0
e1,BETNAN,3,height,18
e1,BETNAN,3,flowers,0
e1,SOLVIR,1,height,7
e1,SOLVIR,1,flowers,0
e1,SOLVIR,2,height,2.7
e1,SOLVIR,2,flowers,0
e1,SOLVIR,3,height,5.1
e1,SOLVIR,3,flowers,0
e1,SOLVIR,4,height,6.5
e1,SOLVIR,4,flowers,0
e1,VACMYR,1,height,8.4
e1,VACMYR,1,flowers,1
e1,VACMYR,2,height,6
e1,VACMYR,2,flowers,0
e1,VACMYR,3,height,10.8
e1,VACMYR,3,flowers,0
e1,VACMYR,4,height,10.1
e1,VACMYR,4,flowers,1
e1,VACULI,1,height,11.5
e1,VACULI,1,flowers,0
e1,VACULI,2,height,6
e1,VACULI,2,flowers,0
e1,VACULI,3,height,12
e1,VACULI,3,flowers,0
e1,VACULI,4,height,11
e1,VACULI,4,flowers,1
e1,VACVIT,1,height,5.1
e1,VACVIT,1,flowers,0
e1,VACVIT,2,height,4.6
e1,VACVIT,2,flowers,0
e1,VACVIT,3,height,2.9
e1,VACVIT,3,flowers,0
e1,VACVIT,4,height,7.2
e1,VACVIT,4,flowers,0
e10,ALL,NA,vegetation_height,6
e10,SOLVIR,1,height,4.5
e10,SOLVIR,1,flowers,0
e10,SOLVIR,2,height,4.7
e10,SOLVIR,2,flowers,0
e10,SOLVIR,3,height,1.9
e10,SOLVIR,3,flowers,0
e10,SOLVIR,4,height,7.9
e10,SOLVIR,4,flowers,0
e10,VACMYR,1,height,4.5
e10,VACMYR,1,flowers,0
e10,VACMYR,2,height,4.2
e10,VACMYR,2,flowers,0
e10,VACMYR,3,height,5.6
e10,VACMYR,3,flowers,0
e10,VACMYR,4,height,6.3
e10,VACMYR,4,flowers,0
e10,VACVIT,1,height,3
e10,VACVIT,1,flowers,0
e10,VACVIT,2,height,2.7
e10,VACVIT,3,height,2.8
e10,VACVIT,3,flowers,0
e10,VACVIT,4,height,3.1
e11,ALL,NA,vegetation_height,12
e11,BETNAN,1,height,31
e11,BETNAN,1,flowers,0
e11,BETNAN,2,height,9.5
e11,BETNAN,2,flowers,0
e11,BETNAN,3,height,23
e11,BETNAN,3,flowers,1
e11,VACMYR,1,height,11.9
e11,VACMYR,1,flowers,0
e11,VACMYR,2,height,8.5
e11,VACMYR,2,flowers,0
e11,VACMYR,3,height,9.2
e11,VACMYR,3,flowers,0
e11,VACMYR,4,height,9.2
e11,VACMYR,4,flowers,1
e11,VACVIT,1,height,3.1
e11,VACVIT,1,flowers,0
e11,VACVIT,2,height,4.1
e11,VACVIT,2,flowers,0
e11,VACVIT,3,height,2.2
e11,VACVIT,3,flowers,0
e11,VACVIT,4,height,2.6
e11,VACVIT,4,flowers,0
e12,ALL,NA,vegetation_height,11
e12,BETNAN,1,height,35
e12,BETNAN,1,flowers,1
e12,BETNAN,2,height,24
e12,BETNAN,2,flowers,1
e12,BETNAN,3,height,13
e12,BETNAN,3,flowers,0
e12,VACMYR,1,height,6.2
e12,VACMYR,1,flowers,0
e12,VACMYR,2,height,6.2
e12,VACMYR,2,flowers,0
e12,VACMYR,3,height,4.8
e12,VACMYR,3,flowers,0
e12,VACMYR,4,height,8.5
e12,VACMYR,4,flowers,1
e12,VACVIT,1,height,5.1
e12,VACVIT,1,flowers,0
e12,VACVIT,2,height,4.6
e12,VACVIT,2,flowers,0
e12,VACVIT,3,height,4.2
e12,VACVIT,3,flowers,0
e12,VACVIT,4,height,5.2
e12,VACVIT,4,flowers,0
e13,ALL,NA,vegetation_height,11
e13,BETNAN,1,height,13
e13,BETNAN,1,flowers,0
e13,BETNAN,2,height,13
e13,BETNAN,2,flowers,0
e13,VACMYR,1,height,6.2
e13,VACMYR,1,flowers,0
e13,VACMYR,2,height,7.5
e13,VACMYR,2,flowers,1
e13,VACMYR,3,height,7.5
e13,VACMYR,3,flowers,0
e13,VACMYR,4,height,6.4
e13,VACMYR,4,flowers,0
e13,VACVIT,1,height,4.1
e13,VACVIT,1,flowers,1
e13,VACVIT,2,height,4.4
e13,VACVIT,2,flowers,0
e13,VACVIT,3,height,2.8
e13,VACVIT,3,flowers,1
e13,VACVIT,4,height,4.5
e13,VACVIT,4,flowers,0
e14,ALL,NA,vegetation_height,6
e14,BETNAN,1,height,7
e14,BETNAN,1,flowers,0
e14,VACVIT,1,height,3.5
e14,VACVIT,1,flowers,1
e14,VACVIT,2,height,4.2
e14,VACVIT,2,flowers,0
e14,VACVIT,3,height,3.3
e14,VACVIT,3,flowers,1
e14,VACVIT,4,height,3.2
e14,VACVIT,4,flowers,0
e15,ALL,NA,vegetation_height,8
e15,BETNAN,1,height,15
e15,BETNAN,1,flowers,0
e15,BETNAN,2,height,10
e15,BETNAN,2,flowers,1
e15,BETNAN,3,height,14
e15,BETNAN,3,flowers,0
e15,BETNAN,4,height,15
e15,BETNAN,4,flowers,1
e15,VACVIT,1,height,7.2
e15,VACVIT,1,flowers,0
e15,VACVIT,2,height,3.2
e15,VACVIT,2,flowers,0
e15,VACVIT,3,height,4.1
e15,VACVIT,3,flowers,0
e15,VACVIT,4,height,5.9
e15,VACVIT,4,flowers,0
e16,ALL,NA,vegetation_height,7
e16,BETNAN,1,height,16
e16,BETNAN,1,flowers,0
e16,BETNAN,2,height,12
e16,BETNAN,2,flowers,0
e16,BETNAN,3,height,8
e16,BETNAN,3,flowers,1
e16,BETNAN,4,height,12
e16,BETNAN,4,flowers,1
e16,VACVIT,1,height,3.6
e16,VACVIT,1,flowers,0
e16,VACVIT,2,height,3.1
e16,VACVIT,2,flowers,0
e16,VACVIT,3,height,4.4
e16,VACVIT,3,flowers,0
e16,VACVIT,4,height,5.8
e16,VACVIT,4,flowers,0
e17,ALL,NA,vegetation_height,9
e17,BETNAN,1,height,10.5
e17,BETNAN,1,flowers,0
e17,BETNAN,2,height,12
e17,BETNAN,2,flowers,0
e17,BETNAN,3,height,17
e17,BETNAN,3,flowers,1
e17,BETNAN,4,height,16
e17,BETNAN,4,flowers,0
e17,VACMYR,1,height,6.5
e17,VACMYR,1,flowers,1
e17,VACMYR,2,height,5.4
e17,VACMYR,2,flowers,0
e17,VACMYR,3,height,6.2
e17,VACMYR,3,flowers,0
e17,VACMYR,4,height,5
e17,VACMYR,4,flowers,0
e17,VACVIT,1,height,4.1
e17,VACVIT,1,flowers,0
e17,VACVIT,2,height,4.4
e17,VACVIT,2,flowers,0
e17,VACVIT,3,height,3.6
e17,VACVIT,3,flowers,0
e17,VACVIT,4,height,3
e17,VACVIT,4,flowers,0
e18,ALL,NA,vegetation_height,3
e18,BETNAN,1,height,7
e18,BETNAN,1,flowers,0
e18,BETNAN,2,height,6.5
e18,BETNAN,2,flowers,0
e18,BETNAN,3,height,6.5
e18,BETNAN,3,flowers,1
e18,VACVIT,1,height,2.5
e18,VACVIT,1,flowers,0
e18,VACVIT,2,height,2.1
e18,VACVIT,2,flowers,0
e18,VACVIT,3,height,2.2
e18,VACVIT,3,flowers,0
e18,VACVIT,4,height,1.6
e18,VACVIT,4,flowers,0
e19,ALL,NA,vegetation_height,9
e19,BETNAN,1,height,12
e19,BETNAN,1,flowers,1
e19,BETNAN,2,height,11
e19,BETNAN,2,flowers,0
e19,BETNAN,3,height,7.5
e19,BETNAN,3,flowers,0
e19,BETNAN,4,height,6.5
e19,BETNAN,4,flowers,0
e19,VACVIT,1,height,2.1
e19,VACVIT,1,flowers,0
e19,VACVIT,2,height,1.9
e19,VACVIT,2,flowers,1
e19,VACVIT,3,height,3.9
e19,VACVIT,3,flowers,0
e19,VACVIT,4,height,3.8
e19,VACVIT,4,flowers,0
e2,ALL,NA,vegetation_height,13
e2,BETNAN,1,height,29
e2,BETNAN,1,flowers,1
e2,BETNAN,2,height,29
e2,BETNAN,2,flowers,0
e2,BETNAN,3,height,41
e2,BETNAN,3,flowers,0
e2,SOLVIR,1,height,11.8
e2,SOLVIR,1,flowers,0
e2,SOLVIR,2,height,5
e2,SOLVIR,2,flowers,0
e2,SOLVIR,3,height,4.6
e2,SOLVIR,3,flowers,0
e2,SOLVIR,4,height,4.7
e2,SOLVIR,4,flowers,0
e2,VACMYR,1,height,11.9
e2,VACMYR,1,flowers,1
e2,VACMYR,2,height,12.5
e2,VACMYR,2,flowers,1
e2,VACMYR,3,height,9.7
e2,VACMYR,3,flowers,0
e2,VACMYR,4,height,7.8
e2,VACMYR,4,flowers,0
e2,VACVIT,1,height,4.5
e2,VACVIT,1,flowers,0
e2,VACVIT,2,height,2.6
e2,VACVIT,2,flowers,0
e2,VACVIT,3,height,3.9
e2,VACVIT,3,flowers,0
e2,VACVIT,4,height,3.2
e2,VACVIT,4,flowers,0
e20,ALL,NA,vegetation_height,5
e20,BETNAN,1,height,9
e20,BETNAN,1,flowers,0
e20,BETNAN,2,height,11
e20,BETNAN,2,flowers,0
e20,BETNAN,3,height,9
e20,BETNAN,3,flowers,0
e20,BETNAN,4,height,12
e20,BETNAN,4,flowers,1
e20,VACVIT,1,height,4.2
e20,VACVIT,1,flowers,0
e20,VACVIT,2,height,3.1
e20,VACVIT,2,flowers,0
e20,VACVIT,3,height,3
e20,VACVIT,3,flowers,0
e20,VACVIT,4,height,2.1
e20,VACVIT,4,flowers,0
e21,ALL,NA,vegetation_height,5
e21,BETNAN,1,height,7
e21,BETNAN,1,flowers,1
e21,BETNAN,2,height,5
e21,BETNAN,2,flowers,0
e21,BETNAN,3,height,6
e21,BETNAN,3,flowers,0
e21,BETNAN,4,height,8
e21,BETNAN,4,flowers,1
e21,VACVIT,1,height,2.5
e21,VACVIT,1,flowers,1
e21,VACVIT,2,height,2.4
e21,VACVIT,2,flowers,0
e21,VACVIT,3,height,2.9
e21,VACVIT,3,flowers,0
e21,VACVIT,4,height,2.3
e21,VACVIT,4,flowers,0
e22,ALL,NA,vegetation_height,3
e22,VACVIT,1,height,2.1
e22,VACVIT,1,flowers,0
e22,VACVIT,2,height,1.1
e22,VACVIT,2,flowers,0
e22,VACVIT,3,height,1.6
e22,VACVIT,3,flowers,0
e22,VACVIT,4,height,2.5
e22,VACVIT,4,flowers,0
e23,ALL,NA,vegetation_height,6
e23,BETNAN,1,height,8
e23,BETNAN,1,flowers,0
e23,BETNAN,2,height,12
e23,BETNAN,2,flowers,0
e23,BETNAN,3,height,11
e23,BETNAN,3,flowers,0
e23,BETNAN,4,height,15
e23,BETNAN,4,flowers,1
e23,VACVIT,1,height,3
e23,VACVIT,1,flowers,0
e23,VACVIT,2,height,1.5
e23,VACVIT,2,flowers,0
e23,VACVIT,3,height,3.3
e23,VACVIT,3,flowers,0
e23,VACVIT,4,height,3.1
e23,VACVIT,4,flowers,0
e24,ALL,NA,vegetation_height,4
e24,BETNAN,1,height,5
e24,BETNAN,1,flowers,0
e24,BETNAN,2,height,7
e24,BETNAN,2,flowers,0
e24,VACVIT,1,height,2.5
e24,VACVIT,1,flowers,0
e24,VACVIT,2,height,1.7
e24,VACVIT,2,flowers,0
e24,VACVIT,3,height,3.1
e24,VACVIT,3,flowers,0
e24,VACVIT,4,height,2.6
e24,VACVIT,4,flowers,0
e25,ALL,NA,vegetation_height,7
e25,BETNAN,1,height,13
e25,BETNAN,1,flowers,1
e25,BETNAN,2,height,11.5
e25,BETNAN,2,flowers,0
e25,BETNAN,3,height,10
e25,BETNAN,3,flowers,0
e25,VACMYR,1,height,3.2
e25,VACMYR,1,flowers,0
e25,VACMYR,2,height,3.4
e25,VACMYR,2,flowers,0
e25,VACMYR,3,height,2.9
e25,VACMYR,3,flowers,0
e25,VACMYR,4,height,2.8
e25,VACMYR,4,flowers,0
e25,VACVIT,1,height,3.1
e25,VACVIT,1,flowers,0
e25,VACVIT,2,height,4.8
e25,VACVIT,2,flowers,0
e25,VACVIT,3,height,5.7
e25,VACVIT,3,flowers,0
e25,VACVIT,4,height,3.5
e25,VACVIT,4,flowers,0
e3,ALL,NA,vegetation_height,14
e3,BETNAN,1,height,17
e3,BETNAN,1,flowers,0
e3,BETNAN,2,height,12
e3,BETNAN,2,flowers,0
e3,BETNAN,3,height,24
e3,BETNAN,3,flowers,1
e3,BETNAN,4,height,21
e3,BETNAN,4,flowers,0
e3,SOLVIR,1,height,4.7
e3,SOLVIR,1,flowers,0
e3,SOLVIR,2,height,9.6
e3,SOLVIR,2,flowers,0
e3,SOLVIR,3,height,9.5
e3,SOLVIR,3,flowers,0
e3,SOLVIR,4,height,6.1
e3,SOLVIR,4,flowers,0
e3,VACMYR,1,height,11.6
e3,VACMYR,1,flowers,0
e3,VACMYR,2,height,11.2
e3,VACMYR,2,flowers,0
e3,VACMYR,3,height,13.3
e3,VACMYR,3,flowers,1
e3,VACMYR,4,height,9.6
e3,VACMYR,4,flowers,0
e3,VACVIT,1,height,4.8
e3,VACVIT,1,flowers,0
e3,VACVIT,2,height,5.4
e3,VACVIT,2,flowers,0
e3,VACVIT,3,height,6.6
e3,VACVIT,3,flowers,0
e3,VACVIT,4,height,6
e3,VACVIT,4,flowers,1
e4,ALL,NA,vegetation_height,18
e4,BETNAN,1,height,28
e4,BETNAN,1,flowers,0
e4,BETNAN,2,height,16
e4,BETNAN,2,flowers,0
e4,BETNAN,3,height,28.5
e4,BETNAN,3,flowers,0
e4,BETNAN,4,height,26
e4,BETNAN,4,flowers,0
e4,SOLVIR,1,height,7.2
e4,SOLVIR,1,flowers,0
e4,SOLVIR,2,height,6.3
e4,SOLVIR,2,flowers,0
e4,SOLVIR,3,height,5.2
e4,SOLVIR,3,flowers,0
e4,SOLVIR,4,height,6.8
e4,SOLVIR,4,flowers,0
e4,VACMYR,1,height,12.3
e4,VACMYR,1,flowers,0
e4,VACMYR,2,height,6.3
e4,VACMYR,2,flowers,0
e4,VACMYR,3,height,7.5
e4,VACMYR,3,flowers,1
e4,VACMYR,4,height,9.2
e4,VACMYR,4,flowers,0
e4,VACULI,1,height,11
e4,VACULI,1,flowers,0
e4,VACULI,2,height,9.7
e4,VACULI,2,flowers,1
e4,VACULI,3,height,8
e4,VACULI,3,flowers,0
e4,VACULI,4,height,11.5
e4,VACULI,4,flowers,0
e4,VACVIT,1,height,2.7
e4,VACVIT,1,flowers,1
e4,VACVIT,2,height,3.8
e4,VACVIT,2,flowers,1
e4,VACVIT,3,height,3.2
e4,VACVIT,3,flowers,0
e4,VACVIT,4,height,6.1
e4,VACVIT,4,flowers,0
e5,ALL,NA,vegetation_height,9
e5,BETNAN,1,height,15
e5,BETNAN,1,flowers,0
e5,VACMYR,1,height,9.2
e5,VACMYR,1,flowers,1
e5,VACMYR,2,height,8.1
e5,VACMYR,2,flowers,1
e5,VACMYR,3,height,7.6
e5,VACMYR,3,flowers,0
e5,VACMYR,4,height,5.5
e5,VACMYR,4,flowers,0
e5,VACVIT,1,height,5.4
e5,VACVIT,1,flowers,0
e5,VACVIT,2,height,4.8
e5,VACVIT,2,flowers,1
e5,VACVIT,3,height,5.1
e5,VACVIT,3,flowers,0
e5,VACVIT,4,height,4.8
e5,VACVIT,4,flowers,1
e6,ALL,NA,vegetation_height,15
e6,BETNAN,1,height,24
e6,BETNAN,1,flowers,0
e6,BETNAN,2,height,30
e6,BETNAN,2,flowers,1
e6,BETNAN,3,height,16
e6,BETNAN,3,flowers,0
e6,SOLVIR,1,height,4.5
e6,SOLVIR,1,flowers,0
e6,SOLVIR,2,height,4.4
e6,SOLVIR,2,flowers,0
e6,SOLVIR,3,height,8.3
e6,SOLVIR,3,flowers,0
e6,VACMYR,1,height,7
e6,VACMYR,1,flowers,0
e6,VACMYR,2,height,5.8
e6,VACMYR,2,flowers,0
e6,VACMYR,3,height,5
e6,VACMYR,3,flowers,0
e6,VACMYR,4,height,6.2
e6,VACMYR,4,flowers,1
e6,VACULI,1,height,9.4
e6,VACULI,1,flowers,1
e6,VACULI,2,height,7.8
e6,VACULI,2,flowers,1
e6,VACULI,3,height,9.2
e6,VACULI,3,flowers,1
e6,VACULI,4,height,7.2
e6,VACULI,4,flowers,1
e6,VACVIT,1,height,2.3
e6,VACVIT,1,flowers,0
e6,VACVIT,2,height,4.4
e6,VACVIT,2,flowers,1
e6,VACVIT,3,height,3.9
e6,VACVIT,3,flowers,0
e6,VACVIT,4,height,4.6
e6,VACVIT,4,flowers,1
e7,ALL,NA,vegetation_height,15
e7,BETNAN,1,height,25
e7,BETNAN,1,flowers,0
e7,BETNAN,2,height,24
e7,BETNAN,2,flowers,0
e7,BETNAN,3,height,26
e7,BETNAN,3,flowers,0
e7,VACMYR,1,height,9.1
e7,VACMYR,1,flowers,0
e7,VACMYR,2,height,10.4
e7,VACMYR,2,flowers,0
e7,VACMYR,3,height,6.8
e7,VACMYR,3,flowers,0
e7,VACMYR,4,height,6.9
e7,VACMYR,4,flowers,0
e7,VACULI,1,height,12.9
e7,VACULI,1,flowers,1
e7,VACULI,2,height,10.3
e7,VACULI,2,flowers,1
e7,VACULI,3,height,6.8
e7,VACULI,3,flowers,0
e7,VACULI,4,height,13.6
e7,VACULI,4,flowers,1
e7,VACVIT,1,height,5.2
e7,VACVIT,1,flowers,0
e7,VACVIT,2,height,5.3
e7,VACVIT,2,flowers,0
e7,VACVIT,3,height,5.9
e7,VACVIT,3,flowers,0
e7,VACVIT,4,height,6.6
e7,VACVIT,4,flowers,1
e8,ALL,NA,vegetation_height,10
e8,BETNAN,1,height,23
e8,BETNAN,1,flowers,1
e8,BETNAN,2,height,27
e8,BETNAN,2,flowers,0
e8,BETNAN,3,height,14
e8,BETNAN,3,flowers,0
e8,SOLVIR,1,height,7.8
e8,SOLVIR,1,flowers,0
e8,SOLVIR,2,height,6
e8,SOLVIR,2,flowers,0
e8,SOLVIR,3,height,4.5
e8,SOLVIR,3,flowers,0
e8,SOLVIR,4,height,9.1
e8,SOLVIR,4,flowers,0
e8,VACMYR,1,height,11.2
e8,VACMYR,1,flowers,1
e8,VACMYR,2,height,8.9
e8,VACMYR,2,flowers,0
e8,VACMYR,3,height,10.6
e8,VACMYR,3,flowers,0
e8,VACMYR,4,height,8.1
e8,VACMYR,4,flowers,0
e8,VACULI,1,height,9.9
e8,VACULI,1,flowers,1
e8,VACULI,2,height,8.3
e8,VACULI,2,flowers,1
e8,VACULI,3,height,11.5
e8,VACULI,3,flowers,1
e8,VACULI,4,height,11.4
e8,VACULI,4,flowers,0
e8,VACVIT,1,height,4.6
e8,VACVIT,1,flowers,0
e8,VACVIT,2,height,5.2
e8,VACVIT,2,flowers,0
e8,VACVIT,3,height,3.6
e8,VACVIT,3,flowers,0
e8,VACVIT,4,height,2.8
e8,VACVIT,4,flowers,0
e9,ALL,NA,vegetation_height,10
e9,BETNAN,1,height,13
e9,BETNAN,1,flowers,1
e9,BETNAN,2,height,39
e9,BETNAN,2,flowers,0
e9,BETNAN,3,height,15
e9,BETNAN,3,flowers,0
e9,BETNAN,4,height,16.5
e9,BETNAN,4,flowers,1
e9,SOLVIR,1,height,5
e9,SOLVIR,1,flowers,0
e9,SOLVIR,2,height,4.2
e9,SOLVIR,2,flowers,0
e9,SOLVIR,3,height,5.8
e9,SOLVIR,3,flowers,0
e9,SOLVIR,4,height,4.7
e9,SOLVIR,4,flowers,0
e9,VACMYR,1,height,6.7
e9,VACMYR,1,flowers,0
e9,VACMYR,2,height,6.2
e9,VACMYR,2,flowers,0
e9,VACMYR,3,height,8.2
e9,VACMYR,3,flowers,0
e9,VACMYR,4,height,5.1
e9,VACMYR,4,flowers,0
e9,VACVIT,1,height,3.8
e9,VACVIT,1,flowers,1
e9,VACVIT,2,height,4.7
e9,VACVIT,2,flowers,0
e9,VACVIT,3,height,3.1
e9,VACVIT,3,flowers,0
e9,VACVIT,4,height,3.2
e9,VACVIT,4,flowers,0
f1,ALL,NA,vegetation_height,8
f1,VACMYR,1,height,7.5
f1,VACMYR,1,flowers,1
f1,VACMYR,2,height,5.6
f1,VACMYR,2,flowers,0
f1,VACMYR,3,height,8.2
f1,VACMYR,3,flowers,1
f1,VACMYR,4,height,5.4
f1,VACMYR,4,flowers,0
f1,VACVIT,1,height,4.6
f1,VACVIT,1,flowers,0
f1,VACVIT,2,height,4.2
f1,VACVIT,2,flowers,0
f1,VACVIT,3,height,4.6
f1,VACVIT,3,flowers,0
f1,VACVIT,4,height,4.6
f1,VACVIT,4,flowers,0
f10,ALL,NA,vegetation_height,7
f10,BETNAN,1,height,19
f10,BETNAN,1,flowers,0
f10,SOLVIR,1,height,5.8
f10,SOLVIR,1,flowers,0
f10,SOLVIR,2,height,6.5
f10,SOLVIR,2,flowers,0
f10,SOLVIR,3,height,5.2
f10,SOLVIR,3,flowers,0
f10,SOLVIR,4,height,4.8
f10,SOLVIR,4,flowers,0
f10,VACMYR,1,height,8.4
f10,VACMYR,1,flowers,1
f10,VACMYR,2,height,6.9
f10,VACMYR,2,flowers,1
f10,VACMYR,3,height,6.2
f10,VACMYR,3,flowers,1
f10,VACMYR,4,height,6.2
f10,VACMYR,4,flowers,0
f10,VACVIT,1,height,4.2
f10,VACVIT,1,flowers,0
f10,VACVIT,2,height,2.5
f10,VACVIT,2,flowers,1
f10,VACVIT,3,height,5.3
f10,VACVIT,3,flowers,0
f10,VACVIT,4,height,5.1
f10,VACVIT,4,flowers,0
f11,ALL,NA,vegetation_height,5
f11,BISVIV,1,height,6
f11,BISVIV,1,flowers,0
f11,BISVIV,2,height,3.5
f11,BISVIV,2,flowers,0
f11,BISVIV,3,height,1.2
f11,BISVIV,3,flowers,0
f11,BISVIV,4,height,2.7
f11,BISVIV,4,flowers,0
f12,ALL,NA,vegetation_height,9
f12,BISVIV,1,height,7.3
f12,BISVIV,1,flowers,0
f12,BISVIV,2,height,3.6
f12,BISVIV,2,flowers,0
f12,BISVIV,3,height,2.1
f12,BISVIV,3,flowers,0
f12,BISVIV,4,height,7
f12,BISVIV,4,flowers,0
f12,SOLVIR,1,height,9.2
f12,SOLVIR,1,flowers,0
f12,SOLVIR,2,height,6.4
f12,SOLVIR,2,flowers,0
f12,SOLVIR,3,height,5.8
f12,SOLVIR,3,flowers,0
f12,SOLVIR,4,height,6.6
f12,SOLVIR,4,flowers,0
f12,VACMYR,1,height,11.5
f12,VACMYR,1,flowers,0
f12,VACMYR,2,height,8.6
f12,VACMYR,2,flowers,0
f12,VACMYR,3,height,8.2
f12,VACMYR,3,flowers,0
f12,VACMYR,4,height,11.6
f12,VACMYR,4,flowers,1
f13,ALL,NA,vegetation_height,9
f13,BETNAN,1,height,9
f13,BETNAN,1,flowers,0
f13,BETNAN,2,height,12
f13,BETNAN,2,flowers,0
f13,BETNAN,3,height,8.5
f13,BETNAN,3,flowers,0
f13,BETNAN,4,height,8.3
f13,BETNAN,4,flowers,0
f13,BISVIV,1,height,7.5
f13,BISVIV,1,flowers,0
f13,BISVIV,2,height,4.6
f13,BISVIV,2,flowers,0
f13,BISVIV,3,height,3.3
f13,BISVIV,3,flowers,0
f13,BISVIV,4,height,3.9
f13,BISVIV,4,flowers,0
f13,SOLVIR,1,height,8.4
f13,SOLVIR,1,flowers,0
f13,SOLVIR,2,height,7.9
f13,SOLVIR,2,flowers,0
f13,SOLVIR,3,height,9.6
f13,SOLVIR,3,flowers,0
f13,SOLVIR,4,height,6.2
f13,SOLVIR,4,flowers,0
f13,VACMYR,1,height,8.1
f13,VACMYR,1,flowers,0
f13,VACMYR,2,height,5.6
f13,VACMYR,2,flowers,0
f13,VACMYR,3,height,3.1
f13,VACMYR,3,flowers,0
f13,VACMYR,4,height,3.5
f13,VACMYR,4,flowers,0
f14,ALL,NA,vegetation_height,10
f14,BETNAN,1,height,12
f14,BETNAN,1,flowers,0
f14,BETNAN,2,height,8.3
f14,BETNAN,2,flowers,0
f14,BETNAN,3,height,9.6
f14,BETNAN,3,flowers,0
f14,BISVIV,1,height,7.4
f14,BISVIV,1,flowers,0
f14,BISVIV,2,height,4.9
f14,BISVIV,2,flowers,0
f14,BISVIV,3,height,3.8
f14,BISVIV,3,flowers,0
f14,BISVIV,4,height,2.2
f14,BISVIV,4,flowers,0
f14,SOLVIR,1,height,6.9
f14,SOLVIR,1,flowers,0
f14,SOLVIR,2,height,5.1
f14,SOLVIR,2,flowers,0
f14,SOLVIR,3,height,9.2
f14,SOLVIR,3,flowers,0
f14,SOLVIR,4,height,5.8
f14,SOLVIR,4,flowers,0
f14,VACMYR,1,height,9.6
f14,VACMYR,1,flowers,1
f14,VACMYR,2,height,14.7
f14,VACMYR,2,flowers,1
f14,VACMYR,3,height,8.9
f14,VACMYR,3,flowers,1
f14,VACMYR,4,height,9.6
f14,VACMYR,4,flowers,1
f14,VACVIT,1,height,4.6
f14,VACVIT,1,flowers,0
f14,VACVIT,2,height,2.5
f14,VACVIT,2,flowers,0
f14,VACVIT,3,height,4.4
f14,VACVIT,3,flowers,0
f14,VACVIT,4,height,5.8
f14,VACVIT,4,flowers,0
f15,ALL,NA,vegetation_height,25
f15,BETNAN,1,height,25
f15,BETNAN,1,flowers,0
f15,BETNAN,2,height,22
f15,BETNAN,2,flowers,0
f15,BETNAN,3,height,33
f15,BETNAN,3,flowers,0
f15,BETNAN,4,height,27
f15,BETNAN,4,flowers,0
f15,VACMYR,1,height,11.6
f15,VACMYR,1,flowers,1
f15,VACMYR,2,height,7.5
f15,VACMYR,2,flowers,0
f15,VACMYR,3,height,6
f15,VACMYR,3,flowers,0
f15,VACMYR,4,height,9.3
f15,VACMYR,4,flowers,0
f15,VACVIT,1,height,4.2
f15,VACVIT,1,flowers,0
f15,VACVIT,2,height,3.3
f15,VACVIT,2,flowers,0
f15,VACVIT,3,height,4.1
f15,VACVIT,3,flowers,0
f15,VACVIT,4,height,7.2
f15,VACVIT,4,flowers,0
f16,ALL,NA,vegetation_height,10
f16,BETNAN,1,height,50
f16,BETNAN,1,flowers,0
f16,BETNAN,2,height,43
f16,BETNAN,2,flowers,0
f16,BISVIV,1,height,6.4
f16,BISVIV,1,flowers,0
f16,BISVIV,2,height,6.5
f16,BISVIV,2,flowers,1
f16,BISVIV,3,height,6.8
f16,BISVIV,3,flowers,1
f16,BISVIV,4,height,5.1
f16,BISVIV,4,flowers,0
f16,SOLVIR,1,height,3.5
f16,SOLVIR,1,flowers,0
f16,SOLVIR,2,height,2.2
f16,SOLVIR,2,flowers,0
f16,SOLVIR,3,height,4.8
f16,SOLVIR,3,flowers,0
f16,SOLVIR,4,height,6.2
f16,SOLVIR,4,flowers,0
f17,ALL,NA,vegetation_height,3
f17,BISVIV,1,height,3.2
f17,BISVIV,1,flowers,0
f17,BISVIV,2,height,4.4
f17,BISVIV,2,flowers,0
f17,BISVIV,3,height,2.9
f17,BISVIV,3,flowers,0
f17,BISVIV,4,height,3.5
f17,BISVIV,4,flowers,1
f18,ALL,NA,vegetation_height,8
f18,BETNAN,1,height,12
f18,BETNAN,1,flowers,0
f18,BETNAN,2,height,40
f18,BETNAN,2,flowers,0
f18,BISVIV,1,height,8.2
f18,BISVIV,1,flowers,0
f18,BISVIV,2,height,3.6
f18,BISVIV,2,flowers,0
f18,BISVIV,3,height,4
f18,BISVIV,3,flowers,0
f18,BISVIV,4,height,6.3
f18,BISVIV,4,flowers,1
f18,SOLVIR,1,height,3.6
f18,SOLVIR,1,flowers,0
f18,SOLVIR,2,height,5.7
f18,SOLVIR,2,flowers,0
f18,SOLVIR,3,height,5.8
f18,SOLVIR,3,flowers,0
f18,SOLVIR,4,height,5.7
f18,SOLVIR,4,flowers,0
f18,VACMYR,1,height,9.9
f18,VACMYR,1,flowers,1
f18,VACMYR,2,height,8.4
f18,VACMYR,2,flowers,0
f18,VACMYR,3,height,8.1
f18,VACMYR,3,flowers,0
f18,VACMYR,4,height,4.2
f18,VACMYR,4,flowers,0
f18,VACULI,1,height,7.5
f18,VACULI,1,flowers,0
f18,VACULI,2,height,5.4
f18,VACULI,2,flowers,0
f18,VACULI,3,height,4.1
f18,VACULI,3,flowers,0
f18,VACULI,4,height,9.4
f18,VACULI,4,flowers,0
f19,ALL,NA,vegetation_height,9
f19,BETNAN,1,height,19
f19,BETNAN,1,flowers,0
f19,SOLVIR,1,height,3.5
f19,SOLVIR,1,flowers,0
f19,SOLVIR,2,height,2.9
f19,SOLVIR,2,flowers,0
f19,SOLVIR,3,height,2.5
f19,SOLVIR,3,flowers,0
f19,SOLVIR,4,height,2.6
f19,SOLVIR,4,flowers,0
f19,VACMYR,1,height,7.3
f19,VACMYR,1,flowers,1
f19,VACMYR,2,height,7
f19,VACMYR,2,flowers,1
f19,VACMYR,3,height,5.2
f19,VACMYR,3,flowers,1
f19,VACMYR,4,height,8.2
f19,VACMYR,4,flowers,0
f19,VACVIT,1,height,4.1
f19,VACVIT,1,flowers,0
f19,VACVIT,2,height,3.8
f19,VACVIT,2,flowers,0
f19,VACVIT,3,height,4.9
f19,VACVIT,3,flowers,0
f19,VACVIT,4,height,5.2
f19,VACVIT,4,flowers,0
f2,ALL,NA,vegetation_height,14
f2,BETNAN,1,height,24
f2,BETNAN,1,flowers,1
f2,BETNAN,2,height,19
f2,BETNAN,2,flowers,0
f2,BETNAN,3,height,30
f2,BETNAN,3,flowers,1
f2,BETNAN,4,height,14
f2,BETNAN,4,flowers,0
f2,VACMYR,1,height,7.7
f2,VACMYR,1,flowers,1
f2,VACMYR,2,height,7.8
f2,VACMYR,2,flowers,0
f2,VACMYR,3,height,4.5
f2,VACMYR,3,flowers,0
f2,VACMYR,4,height,5.9
f2,VACMYR,4,flowers,0
f2,VACVIT,1,height,5.3
f2,VACVIT,1,flowers,0
f2,VACVIT,2,height,4.4
f2,VACVIT,2,flowers,0
f2,VACVIT,3,height,3.2
f2,VACVIT,3,flowers,0
f2,VACVIT,4,height,3
f2,VACVIT,4,flowers,0
f20,ALL,NA,vegetation_height,30
f20,BETNAN,1,height,30
f20,BETNAN,1,flowers,0
f20,BETNAN,2,height,22
f20,BETNAN,2,flowers,0
f20,BETNAN,3,height,41
f20,BETNAN,3,flowers,0
f20,BETNAN,4,height,32
f20,BETNAN,4,flowers,0
f20,VACMYR,1,height,11.7
f20,VACMYR,1,flowers,0
f20,VACMYR,2,height,8.8
f20,VACMYR,2,flowers,0
f20,VACMYR,3,height,12.6
f20,VACMYR,3,flowers,0
f20,VACMYR,4,height,12.4
f20,VACMYR,4,flowers,0
f20,VACVIT,1,height,5
f20,VACVIT,1,flowers,0
f20,VACVIT,2,height,8.6
f20,VACVIT,2,flowers,0
f20,VACVIT,3,height,8.2
f20,VACVIT,3,flowers,0
f20,VACVIT,4,height,9.5
f20,VACVIT,4,flowers,1
f21,ALL,NA,vegetation_height,25
f21,BETNAN,1,height,34
f21,BETNAN,1,flowers,0
f21,BETNAN,2,height,41
f21,BETNAN,2,flowers,0
f21,BETNAN,3,height,36
f21,BETNAN,3,flowers,0
f21,BETNAN,4,height,34
f21,BETNAN,4,flowers,0
f21,SOLVIR,1,height,6.9
f21,SOLVIR,1,flowers,0
f21,SOLVIR,2,height,8.5
f21,SOLVIR,2,flowers,0
f21,SOLVIR,3,height,7.8
f21,SOLVIR,3,flowers,0
f21,SOLVIR,4,height,13
f21,SOLVIR,4,flowers,0
f21,VACMYR,1,height,15.2
f21,VACMYR,1,flowers,1
f21,VACMYR,2,height,9.6
f21,VACMYR,2,flowers,1
f21,VACMYR,3,height,9.5
f21,VACMYR,3,flowers,1
f21,VACMYR,4,height,14.5
f21,VACMYR,4,flowers,0
f21,VACVIT,1,height,5.9
f21,VACVIT,1,flowers,0
f21,VACVIT,2,height,4.7
f21,VACVIT,2,flowers,0
f21,VACVIT,3,height,7.6
f21,VACVIT,3,flowers,0
f21,VACVIT,4,height,5.5
f21,VACVIT,4,flowers,0
f22,ALL,NA,vegetation_height,8
f22,BETNAN,1,height,17
f22,BETNAN,1,flowers,0
f22,SOLVIR,1,height,6.6
f22,SOLVIR,1,flowers,0
f22,SOLVIR,2,height,6.8
f22,SOLVIR,2,flowers,0
f22,SOLVIR,3,height,4.2
f22,SOLVIR,3,flowers,0
f22,SOLVIR,4,height,3.6
f22,SOLVIR,4,flowers,0
f22,VACMYR,1,height,8
f22,VACMYR,1,flowers,0
f22,VACMYR,2,height,7.8
f22,VACMYR,2,flowers,0
f22,VACMYR,3,height,4.8
f22,VACMYR,3,flowers,0
f22,VACMYR,4,height,5.9
f22,VACMYR,4,flowers,0
f22,VACVIT,1,height,6.1
f22,VACVIT,1,flowers,0
f22,VACVIT,2,height,4.2
f22,VACVIT,2,flowers,0
f22,VACVIT,3,height,2.5
f22,VACVIT,3,flowers,0
f22,VACVIT,4,height,4.5
f22,VACVIT,4,flowers,0
f23,ALL,NA,vegetation_height,8
f23,BETNAN,1,height,9
f23,BETNAN,1,flowers,0
f23,BETNAN,2,height,6
f23,BETNAN,2,flowers,0
f23,BETNAN,3,height,18
f23,BETNAN,3,flowers,0
f23,BISVIV,1,height,6.2
f23,BISVIV,1,flowers,0
f23,BISVIV,2,height,5.1
f23,BISVIV,2,flowers,0
f23,BISVIV,3,height,6
f23,BISVIV,3,flowers,0
f23,BISVIV,4,height,4.3
f23,BISVIV,4,flowers,0
f23,SOLVIR,1,height,3.6
f23,SOLVIR,1,flowers,0
f23,SOLVIR,2,height,3.5
f23,SOLVIR,2,flowers,0
f23,SOLVIR,3,height,5.5
f23,SOLVIR,3,flowers,0
f23,SOLVIR,4,height,12.5
f23,SOLVIR,4,flowers,0
f23,VACMYR,1,height,9.8
f23,VACMYR,1,flowers,0
f23,VACMYR,2,height,4.3
f23,VACMYR,2,flowers,0
f23,VACMYR,3,height,5.6
f23,VACMYR,3,flowers,0
f23,VACMYR,4,height,9.1
f23,VACMYR,4,flowers,1
f24,ALL,NA,vegetation_height,30
f24,BETNAN,1,height,45
f24,BETNAN,1,flowers,1
f24,BETNAN,2,height,21
f24,BETNAN,2,flowers,0
f24,BETNAN,3,height,34
f24,BETNAN,3,flowers,0
f24,BETNAN,4,height,55
f24,BETNAN,4,flowers,0
f24,VACMYR,1,height,9.8
f24,VACMYR,1,flowers,0
f24,VACMYR,2,height,11.5
f24,VACMYR,2,flowers,1
f24,VACMYR,3,height,14.5
f24,VACMYR,3,flowers,0
f24,VACMYR,4,height,8.3
f24,VACMYR,4,flowers,0
f24,VACULI,1,height,11.5
f24,VACULI,1,flowers,1
f24,VACULI,2,height,13.5
f24,VACULI,2,flowers,1
f24,VACULI,3,height,8.4
f24,VACULI,3,flowers,0
f24,VACULI,4,height,9.5
f24,VACULI,4,flowers,0
f24,VACVIT,1,height,8.7
f24,VACVIT,1,flowers,0
f24,VACVIT,2,height,11
f24,VACVIT,2,flowers,0
f24,VACVIT,3,height,4.2
f24,VACVIT,3,flowers,0
f24,VACVIT,4,height,6.8
f24,VACVIT,4,flowers,0
f25,ALL,NA,vegetation_height,11
f25,BETNAN,1,height,34
f25,BETNAN,1,flowers,0
f25,BETNAN,2,height,20
f25,BETNAN,2,flowers,0
f25,VACMYR,1,height,8.5
f25,VACMYR,1,flowers,1
f25,VACMYR,2,height,6.2
f25,VACMYR,2,flowers,0
f25,VACMYR,3,height,5.1
f25,VACMYR,3,flowers,0
f25,VACMYR,4,height,4.1
f25,VACMYR,4,flowers,0
f25,VACULI,1,height,11.3
f25,VACULI,1,flowers,1
f25,VACULI,2,height,9.2
f25,VACULI,2,flowers,1
f25,VACULI,3,height,8
f25,VACULI,3,flowers,0
f25,VACULI,4,height,12.7
f25,VACULI,4,flowers,1
f25,VACVIT,1,height,3.2
f25,VACVIT,1,flowers,0
f25,VACVIT,2,height,2.9
f25,VACVIT,2,flowers,0
f25,VACVIT,3,height,3.6
f25,VACVIT,3,flowers,0
f25,VACVIT,4,height,6.2
f25,VACVIT,4,flowers,0
f3,ALL,NA,vegetation_height,23
f3,BETNAN,1,height,37
f3,BETNAN,1,flowers,0
f3,BETNAN,2,height,28
f3,BETNAN,2,flowers,0
f3,BETNAN,3,height,19
f3,BETNAN,3,flowers,0
f3,SOLVIR,1,height,7.6
f3,SOLVIR,1,flowers,0
f3,SOLVIR,2,height,9
f3,SOLVIR,2,flowers,0
f3,VACMYR,1,height,17.5
f3,VACMYR,1,flowers,1
f3,VACMYR,2,height,12
f3,VACMYR,2,flowers,1
f3,VACMYR,3,height,12.3
f3,VACMYR,3,flowers,1
f3,VACMYR,4,height,15.5
f3,VACMYR,4,flowers,1
f3,VACVIT,1,height,4.6
f3,VACVIT,1,flowers,0
f3,VACVIT,2,height,11.4
f3,VACVIT,2,flowers,0
f3,VACVIT,3,height,7.8
f3,VACVIT,3,flowers,0
f3,VACVIT,4,height,6.9
f3,VACVIT,4,flowers,0
f4,ALL,NA,vegetation_height,8
f4,VACMYR,1,height,9.2
f4,VACMYR,1,flowers,0
f4,VACMYR,2,height,7.2
f4,VACMYR,2,flowers,1
f4,VACMYR,3,height,7
f4,VACMYR,3,flowers,0
f4,VACMYR,4,height,7.1
f4,VACMYR,4,flowers,1
f4,VACVIT,1,height,5.9
f4,VACVIT,1,flowers,1
f4,VACVIT,2,height,5.8
f4,VACVIT,2,flowers,1
f4,VACVIT,3,height,4.8
f4,VACVIT,3,flowers,0
f4,VACVIT,4,height,4.5
f4,VACVIT,4,flowers,0
f5,ALL,NA,vegetation_height,6
f5,SOLVIR,1,height,4.2
f5,SOLVIR,1,flowers,0
f5,SOLVIR,2,height,3.9
f5,SOLVIR,2,flowers,0
f5,SOLVIR,3,height,3.1
f5,SOLVIR,3,flowers,0
f5,VACMYR,1,height,5.6
f5,VACMYR,1,flowers,1
f5,VACMYR,2,height,5.5
f5,VACMYR,2,flowers,1
f5,VACMYR,3,height,3.5
f5,VACMYR,3,flowers,0
f5,VACMYR,4,height,7.6
f5,VACMYR,4,flowers,0
f6,ALL,NA,vegetation_height,13
f6,BETNAN,1,height,18
f6,BETNAN,1,flowers,0
f6,BETNAN,2,height,16
f6,BETNAN,2,flowers,0
f6,BETNAN,3,height,18
f6,BETNAN,3,flowers,1
f6,VACMYR,1,height,11.2
f6,VACMYR,1,flowers,1
f6,VACMYR,2,height,10.3
f6,VACMYR,2,flowers,1
f6,VACMYR,3,height,7.5
f6,VACMYR,3,flowers,0
f6,VACMYR,4,height,7.5
f6,VACMYR,4,flowers,0
f6,VACULI,1,height,8.1
f6,VACULI,1,flowers,0
f6,VACULI,2,height,5.7
f6,VACULI,2,flowers,0
f6,VACULI,3,height,6.3
f6,VACULI,3,flowers,0
f6,VACULI,4,height,11
f6,VACULI,4,flowers,0
f6,VACVIT,1,height,5
f6,VACVIT,1,flowers,0
f6,VACVIT,2,height,3.6
f6,VACVIT,2,flowers,0
f6,VACVIT,3,height,4.4
f6,VACVIT,3,flowers,0
f6,VACVIT,4,height,4.2
f6,VACVIT,4,flowers,0
f7,ALL,NA,vegetation_height,15
f7,BETNAN,1,height,19
f7,BETNAN,1,flowers,0
f7,BETNAN,2,height,22
f7,BETNAN,2,flowers,0
f7,BETNAN,3,height,31
f7,BETNAN,3,flowers,1
f7,BETNAN,4,height,19
f7,BETNAN,4,flowers,0
f7,VACMYR,1,height,17
f7,VACMYR,1,flowers,1
f7,VACMYR,2,height,12
f7,VACMYR,2,flowers,1
f7,VACMYR,3,height,14.6
f7,VACMYR,3,flowers,1
f7,VACMYR,4,height,14.8
f7,VACMYR,4,flowers,1
f7,VACVIT,1,height,5.7
f7,VACVIT,1,flowers,1
f7,VACVIT,2,height,6.9
f7,VACVIT,2,flowers,0
f7,VACVIT,3,height,8.2
f7,VACVIT,3,flowers,0
f7,VACVIT,4,height,4.1
f7,VACVIT,4,flowers,0
f8,ALL,NA,vegetation_height,10
f8,BETNAN,1,height,14
f8,BETNAN,1,flowers,0
f8,SOLVIR,1,height,8.1
f8,SOLVIR,1,flowers,0
f8,SOLVIR,2,height,6.6
f8,SOLVIR,2,flowers,0
f8,SOLVIR,3,height,5.1
f8,SOLVIR,3,flowers,0
f8,VACMYR,1,height,13.8
f8,VACMYR,1,flowers,1
f8,VACMYR,2,height,8
f8,VACMYR,2,flowers,1
f8,VACMYR,3,height,6.6
f8,VACMYR,3,flowers,1
f8,VACMYR,4,height,6.9
f8,VACMYR,4,flowers,1
f8,VACULI,1,height,7
f8,VACULI,1,flowers,0
f8,VACULI,2,height,11.5
f8,VACULI,2,flowers,0
f8,VACULI,3,height,5.8
f8,VACULI,3,flowers,0
f8,VACULI,4,height,8.9
f8,VACULI,4,flowers,1
f8,VACVIT,1,height,5.6
f8,VACVIT,1,flowers,0
f8,VACVIT,2,height,4.6
f8,VACVIT,2,flowers,0
f8,VACVIT,3,height,5.2
f8,VACVIT,3,flowers,0
f8,VACVIT,4,height,3.1
f8,VACVIT,4,flowers,0
f9,ALL,NA,vegetation_height,13
f9,SOLVIR,1,height,4.2
f9,SOLVIR,1,flowers,0
f9,SOLVIR,2,height,4.9
f9,SOLVIR,2,flowers,0
f9,SOLVIR,3,height,8.5
f9,SOLVIR,3,flowers,0
f9,SOLVIR,4,height,10.4
f9,SOLVIR,4,flowers,0
f9,VACMYR,1,height,7.5
f9,VACMYR,1,flowers,1
f9,VACMYR,2,height,6.9
f9,VACMYR,2,flowers,0
f9,VACMYR,3,height,5.7
f9,VACMYR,3,flowers,1
f9,VACMYR,4,height,7.6
f9,VACMYR,4,flowers,1
f9,VACVIT,1,height,4.8
f9,VACVIT,1,flowers,0
f9,VACVIT,2,height,5.5
f9,VACVIT,2,flowers,0
f9,VACVIT,3,height,4.6
f9,VACVIT,3,flowers,0
f9,VACVIT,4,height,6.2
f9,VACVIT,4,flowers,0
